Filename,Key_1,Key_2,Key_3,Key_4,Key_5,Key_6,Key_7,Key_8,Key_9,Key_10
/mnt/home/dchhantyal/centroid_model_blastospim/data/raw/H6/H6_016.npz,img,labels,,,,,,,,
/mnt/home/dchhantyal/centroid_model_blastospim/data/raw/H6/H6_11.npz,img,labels,,,,,,,,
/mnt/home/dchhantyal/centroid_model_blastospim/data/raw/H6/H6_019.npz,img,labels,,,,,,,,
/mnt/home/dchhantyal/centroid_model_blastospim/data/raw/H6/H6_015.npz,img,labels,,,,,,,,
/mnt/home/dchhantyal/centroid_model_blastospim/data/raw/H6/H6_18.npz,img,labels,,,,,,,,
/mnt/home/dchhantyal/centroid_model_blastospim/data/raw/H6/H6_19.npz,img,labels,,,,,,,,
/mnt/home/dchhantyal/centroid_model_blastospim/data/raw/H6/H6_20.npz,img,labels,,,,,,,,
/mnt/home/dchhantyal/centroid_model_blastospim/data/raw/H6/H6_013.npz,img,labels,,,,,,,,
/mnt/home/dchhantyal/centroid_model_blastospim/data/raw/H6/H6_21.npz,img,labels,,,,,,,,
/mnt/home/dchhantyal/centroid_model_blastospim/data/raw/H6/H6_17.npz,img,labels,,,,,,,,
/mnt/home/dchhantyal/centroid_model_blastospim/data/raw/H6/H6_020.npz,img,labels,,,,,,,,
/mnt/home/dchhantyal/centroid_model_blastospim/data/raw/H6/H6_012.npz,img,labels,,,,,,,,
/mnt/home/dchhantyal/centroid_model_blastospim/data/raw/H6/H6_011.npz,img,labels,,,,,,,,
/mnt/home/dchhantyal/centroid_model_blastospim/data/raw/H6/H6_13.npz,img,labels,,,,,,,,
/mnt/home/dchhantyal/centroid_model_blastospim/data/raw/H6/H6_017.npz,img,labels,,,,,,,,
/mnt/home/dchhantyal/centroid_model_blastospim/data/raw/H6/H6_16.npz,img,labels,,,,,,,,
/mnt/home/dchhantyal/centroid_model_blastospim/data/raw/H6/H6_014.npz,img,labels,,,,,,,,
/mnt/home/dchhantyal/centroid_model_blastospim/data/raw/H6/H6_12.npz,img,labels,,,,,,,,
/mnt/home/dchhantyal/centroid_model_blastospim/data/raw/H6/H6_14.npz,img,labels,,,,,,,,
/mnt/home/dchhantyal/centroid_model_blastospim/data/raw/H6/H6_021.npz,img,labels,,,,,,,,
/mnt/home/dchhantyal/centroid_model_blastospim/data/raw/H6/H6_018.npz,img,labels,,,,,,,,
/mnt/home/dchhantyal/centroid_model_blastospim/data/raw/H6/H6_15.npz,img,labels,,,,,,,,
/mnt/home/dchhantyal/centroid_model_blastospim/data/raw/F19/F19_68.npz,img,labels,,,,,,,,
/mnt/home/dchhantyal/centroid_model_blastospim/data/raw/F19/F19_71.npz,img,labels,,,,,,,,
/mnt/home/dchhantyal/centroid_model_blastospim/data/raw/F19/F19_066.npz,img,labels,,,,,,,,
/mnt/home/dchhantyal/centroid_model_blastospim/data/raw/F19/F19_065.npz,img,labels,,,,,,,,
/mnt/home/dchhantyal/centroid_model_blastospim/data/raw/F19/F19_067.npz,img,labels,,,,,,,,
/mnt/home/dchhantyal/centroid_model_blastospim/data/raw/F19/F19_72.npz,img,labels,,,,,,,,
/mnt/home/dchhantyal/centroid_model_blastospim/data/raw/F19/F19_67.npz,img,labels,,,,,,,,
/mnt/home/dchhantyal/centroid_model_blastospim/data/raw/F19/F19_071.npz,img,labels,,,,,,,,
/mnt/home/dchhantyal/centroid_model_blastospim/data/raw/F19/F19_073.npz,img,labels,,,,,,,,
/mnt/home/dchhantyal/centroid_model_blastospim/data/raw/F19/F19_65.npz,img,labels,,,,,,,,
/mnt/home/dchhantyal/centroid_model_blastospim/data/raw/F19/F19_069.npz,img,labels,,,,,,,,
/mnt/home/dchhantyal/centroid_model_blastospim/data/raw/F19/F19_74.npz,img,labels,,,,,,,,
/mnt/home/dchhantyal/centroid_model_blastospim/data/raw/F19/F19_75.npz,img,labels,,,,,,,,
/mnt/home/dchhantyal/centroid_model_blastospim/data/raw/F19/F19_73.npz,img,labels,,,,,,,,
/mnt/home/dchhantyal/centroid_model_blastospim/data/raw/F19/F19_070.npz,img,labels,,,,,,,,
/mnt/home/dchhantyal/centroid_model_blastospim/data/raw/F19/F19_075.npz,img,labels,,,,,,,,
/mnt/home/dchhantyal/centroid_model_blastospim/data/raw/F19/F19_074.npz,img,labels,,,,,,,,
/mnt/home/dchhantyal/centroid_model_blastospim/data/raw/F19/F19_66.npz,img,labels,,,,,,,,
/mnt/home/dchhantyal/centroid_model_blastospim/data/raw/F19/F19_69.npz,img,labels,,,,,,,,
/mnt/home/dchhantyal/centroid_model_blastospim/data/raw/F19/F19_068.npz,img,labels,,,,,,,,
/mnt/home/dchhantyal/centroid_model_blastospim/data/raw/F19/F19_70.npz,img,labels,,,,,,,,
/mnt/home/dchhantyal/centroid_model_blastospim/data/raw/F19/F19_072.npz,img,labels,,,,,,,,
/mnt/home/dchhantyal/centroid_model_blastospim/data/raw/M4/M4_20.npz,img,labels,,,,,,,,
/mnt/home/dchhantyal/centroid_model_blastospim/data/raw/M4/M4_17.npz,img,labels,,,,,,,,
/mnt/home/dchhantyal/centroid_model_blastospim/data/raw/M4/M4_020.npz,img,labels,,,,,,,,
/mnt/home/dchhantyal/centroid_model_blastospim/data/raw/M4/M4_18.npz,img,labels,,,,,,,,
/mnt/home/dchhantyal/centroid_model_blastospim/data/raw/M4/M4_11.npz,img,labels,,,,,,,,
/mnt/home/dchhantyal/centroid_model_blastospim/data/raw/M4/M4_21.npz,img,labels,,,,,,,,
/mnt/home/dchhantyal/centroid_model_blastospim/data/raw/M4/M4_15.npz,img,labels,,,,,,,,
/mnt/home/dchhantyal/centroid_model_blastospim/data/raw/M4/M4_017.npz,img,labels,,,,,,,,
/mnt/home/dchhantyal/centroid_model_blastospim/data/raw/M4/M4_011.npz,img,labels,,,,,,,,
/mnt/home/dchhantyal/centroid_model_blastospim/data/raw/M4/M4_014.npz,img,labels,,,,,,,,
/mnt/home/dchhantyal/centroid_model_blastospim/data/raw/M4/M4_14.npz,img,labels,,,,,,,,
/mnt/home/dchhantyal/centroid_model_blastospim/data/raw/M4/M4_016.npz,img,labels,,,,,,,,
/mnt/home/dchhantyal/centroid_model_blastospim/data/raw/M4/M4_021.npz,img,labels,,,,,,,,
/mnt/home/dchhantyal/centroid_model_blastospim/data/raw/M4/M4_012.npz,img,labels,,,,,,,,
/mnt/home/dchhantyal/centroid_model_blastospim/data/raw/M4/M4_013.npz,img,labels,,,,,,,,
/mnt/home/dchhantyal/centroid_model_blastospim/data/raw/M4/M4_12.npz,img,labels,,,,,,,,
/mnt/home/dchhantyal/centroid_model_blastospim/data/raw/M4/M4_019.npz,img,labels,,,,,,,,
/mnt/home/dchhantyal/centroid_model_blastospim/data/raw/M4/M4_018.npz,img,labels,,,,,,,,
/mnt/home/dchhantyal/centroid_model_blastospim/data/raw/M4/M4_19.npz,img,labels,,,,,,,,
/mnt/home/dchhantyal/centroid_model_blastospim/data/raw/M4/M4_015.npz,img,labels,,,,,,,,
/mnt/home/dchhantyal/centroid_model_blastospim/data/raw/M4/M4_13.npz,img,labels,,,,,,,,
/mnt/home/dchhantyal/centroid_model_blastospim/data/raw/M4/M4_16.npz,img,labels,,,,,,,,
/mnt/home/dchhantyal/centroid_model_blastospim/data/raw/O11/O11_0.npz,img,labels,,,,,,,,
/mnt/home/dchhantyal/centroid_model_blastospim/data/raw/F11/F11_72.npz,img,labels,,,,,,,,
/mnt/home/dchhantyal/centroid_model_blastospim/data/raw/F11/F11_71.npz,img,labels,,,,,,,,
/mnt/home/dchhantyal/centroid_model_blastospim/data/raw/F11/F11_69.npz,img,labels,,,,,,,,
/mnt/home/dchhantyal/centroid_model_blastospim/data/raw/F11/F11_74.npz,img,labels,,,,,,,,
/mnt/home/dchhantyal/centroid_model_blastospim/data/raw/F11/F11_67.npz,img,labels,,,,,,,,
/mnt/home/dchhantyal/centroid_model_blastospim/data/raw/F11/F11_075.npz,img,labels,,,,,,,,
/mnt/home/dchhantyal/centroid_model_blastospim/data/raw/F11/F11_70.npz,img,labels,,,,,,,,
/mnt/home/dchhantyal/centroid_model_blastospim/data/raw/F11/F11_069.npz,img,labels,,,,,,,,
/mnt/home/dchhantyal/centroid_model_blastospim/data/raw/F11/F11_73.npz,img,labels,,,,,,,,
/mnt/home/dchhantyal/centroid_model_blastospim/data/raw/F11/F11_073.npz,img,labels,,,,,,,,
/mnt/home/dchhantyal/centroid_model_blastospim/data/raw/F11/F11_65.npz,img,labels,,,,,,,,
/mnt/home/dchhantyal/centroid_model_blastospim/data/raw/F11/F11_066.npz,img,labels,,,,,,,,
/mnt/home/dchhantyal/centroid_model_blastospim/data/raw/F11/F11_067.npz,img,labels,,,,,,,,
/mnt/home/dchhantyal/centroid_model_blastospim/data/raw/F11/F11_071.npz,img,labels,,,,,,,,
/mnt/home/dchhantyal/centroid_model_blastospim/data/raw/F11/F11_75.npz,img,labels,,,,,,,,
/mnt/home/dchhantyal/centroid_model_blastospim/data/raw/F11/F11_074.npz,img,labels,,,,,,,,
/mnt/home/dchhantyal/centroid_model_blastospim/data/raw/F11/F11_065.npz,img,labels,,,,,,,,
/mnt/home/dchhantyal/centroid_model_blastospim/data/raw/F11/F11_072.npz,img,labels,,,,,,,,
/mnt/home/dchhantyal/centroid_model_blastospim/data/raw/F11/F11_68.npz,img,labels,,,,,,,,
/mnt/home/dchhantyal/centroid_model_blastospim/data/raw/F11/F11_068.npz,img,labels,,,,,,,,
/mnt/home/dchhantyal/centroid_model_blastospim/data/raw/F11/F11_66.npz,img,labels,,,,,,,,
/mnt/home/dchhantyal/centroid_model_blastospim/data/raw/F11/F11_070.npz,img,labels,,,,,,,,
/mnt/home/dchhantyal/centroid_model_blastospim/data/raw/M7/M7_004.npz,img,labels,,,,,,,,
/mnt/home/dchhantyal/centroid_model_blastospim/data/raw/M7/M7_008.npz,img,labels,,,,,,,,
/mnt/home/dchhantyal/centroid_model_blastospim/data/raw/M7/M7_5.npz,img,labels,,,,,,,,
/mnt/home/dchhantyal/centroid_model_blastospim/data/raw/M7/M7_10.npz,img,labels,,,,,,,,
/mnt/home/dchhantyal/centroid_model_blastospim/data/raw/M7/M7_6.npz,img,labels,,,,,,,,
/mnt/home/dchhantyal/centroid_model_blastospim/data/raw/M7/M7_007.npz,img,labels,,,,,,,,
/mnt/home/dchhantyal/centroid_model_blastospim/data/raw/M7/M7_010.npz,img,labels,,,,,,,,
/mnt/home/dchhantyal/centroid_model_blastospim/data/raw/M7/M7_0.npz,img,labels,,,,,,,,
/mnt/home/dchhantyal/centroid_model_blastospim/data/raw/M7/M7_1.npz,img,labels,,,,,,,,
/mnt/home/dchhantyal/centroid_model_blastospim/data/raw/M7/M7_006.npz,img,labels,,,,,,,,
/mnt/home/dchhantyal/centroid_model_blastospim/data/raw/M7/M7_8.npz,img,labels,,,,,,,,
/mnt/home/dchhantyal/centroid_model_blastospim/data/raw/M7/M7_9.npz,img,labels,,,,,,,,
/mnt/home/dchhantyal/centroid_model_blastospim/data/raw/M7/M7_2.npz,img,labels,,,,,,,,
/mnt/home/dchhantyal/centroid_model_blastospim/data/raw/M7/M7_002.npz,img,labels,,,,,,,,
/mnt/home/dchhantyal/centroid_model_blastospim/data/raw/M7/M7_4.npz,img,labels,,,,,,,,
/mnt/home/dchhantyal/centroid_model_blastospim/data/raw/M7/M7_009.npz,img,labels,,,,,,,,
/mnt/home/dchhantyal/centroid_model_blastospim/data/raw/M7/M7_001.npz,img,labels,,,,,,,,
/mnt/home/dchhantyal/centroid_model_blastospim/data/raw/M7/M7_005.npz,img,labels,,,,,,,,
/mnt/home/dchhantyal/centroid_model_blastospim/data/raw/M7/M7_3.npz,img,labels,,,,,,,,
/mnt/home/dchhantyal/centroid_model_blastospim/data/raw/M7/M7_7.npz,img,labels,,,,,,,,
/mnt/home/dchhantyal/centroid_model_blastospim/data/raw/M7/M7_003.npz,img,labels,,,,,,,,
/mnt/home/dchhantyal/centroid_model_blastospim/data/raw/M7/M7_000.npz,img,labels,,,,,,,,
/mnt/home/dchhantyal/centroid_model_blastospim/data/raw/T2/T2_16.npz,img,labels,,,,,,,,
/mnt/home/dchhantyal/centroid_model_blastospim/data/raw/T2/T2_005.npz,img,labels,,,,,,,,
/mnt/home/dchhantyal/centroid_model_blastospim/data/raw/T2/T2_007.npz,img,labels,,,,,,,,
/mnt/home/dchhantyal/centroid_model_blastospim/data/raw/T2/T2_15.npz,img,labels,,,,,,,,
/mnt/home/dchhantyal/centroid_model_blastospim/data/raw/T2/T2_11.npz,img,labels,,,,,,,,
/mnt/home/dchhantyal/centroid_model_blastospim/data/raw/T2/T2_14.npz,img,labels,,,,,,,,
/mnt/home/dchhantyal/centroid_model_blastospim/data/raw/T2/T2_014.npz,img,labels,,,,,,,,
/mnt/home/dchhantyal/centroid_model_blastospim/data/raw/T2/T2_13.npz,img,labels,,,,,,,,
/mnt/home/dchhantyal/centroid_model_blastospim/data/raw/T2/T2_006.npz,img,labels,,,,,,,,
/mnt/home/dchhantyal/centroid_model_blastospim/data/raw/T2/T2_008.npz,img,labels,,,,,,,,
/mnt/home/dchhantyal/centroid_model_blastospim/data/raw/T2/T2_016.npz,img,labels,,,,,,,,
/mnt/home/dchhantyal/centroid_model_blastospim/data/raw/T2/T2_010.npz,img,labels,,,,,,,,
/mnt/home/dchhantyal/centroid_model_blastospim/data/raw/T2/T2_12.npz,img,labels,,,,,,,,
/mnt/home/dchhantyal/centroid_model_blastospim/data/raw/T2/T2_7.npz,img,labels,,,,,,,,
/mnt/home/dchhantyal/centroid_model_blastospim/data/raw/T2/T2_10.npz,img,labels,,,,,,,,
/mnt/home/dchhantyal/centroid_model_blastospim/data/raw/T2/T2_015.npz,img,labels,,,,,,,,
/mnt/home/dchhantyal/centroid_model_blastospim/data/raw/T2/T2_8.npz,img,labels,,,,,,,,
/mnt/home/dchhantyal/centroid_model_blastospim/data/raw/T2/T2_6.npz,img,labels,,,,,,,,
/mnt/home/dchhantyal/centroid_model_blastospim/data/raw/T2/T2_013.npz,img,labels,,,,,,,,
/mnt/home/dchhantyal/centroid_model_blastospim/data/raw/T2/T2_5.npz,img,labels,,,,,,,,
/mnt/home/dchhantyal/centroid_model_blastospim/data/raw/T2/T2_009.npz,img,labels,,,,,,,,
/mnt/home/dchhantyal/centroid_model_blastospim/data/raw/T2/T2_012.npz,img,labels,,,,,,,,
/mnt/home/dchhantyal/centroid_model_blastospim/data/raw/T2/T2_9.npz,img,labels,,,,,,,,
/mnt/home/dchhantyal/centroid_model_blastospim/data/raw/T2/T2_011.npz,img,labels,,,,,,,,
/mnt/home/dchhantyal/centroid_model_blastospim/data/raw/H10/H10_17.npz,img,labels,,,,,,,,
/mnt/home/dchhantyal/centroid_model_blastospim/data/raw/H10/H10_011.npz,img,labels,,,,,,,,
/mnt/home/dchhantyal/centroid_model_blastospim/data/raw/H10/H10_18.npz,img,labels,,,,,,,,
/mnt/home/dchhantyal/centroid_model_blastospim/data/raw/H10/H10_012.npz,img,labels,,,,,,,,
/mnt/home/dchhantyal/centroid_model_blastospim/data/raw/H10/H10_014.npz,img,labels,,,,,,,,
/mnt/home/dchhantyal/centroid_model_blastospim/data/raw/H10/H10_14.npz,img,labels,,,,,,,,
/mnt/home/dchhantyal/centroid_model_blastospim/data/raw/H10/H10_15.npz,img,labels,,,,,,,,
/mnt/home/dchhantyal/centroid_model_blastospim/data/raw/H10/H10_20.npz,img,labels,,,,,,,,
/mnt/home/dchhantyal/centroid_model_blastospim/data/raw/H10/H10_11.npz,img,labels,,,,,,,,
/mnt/home/dchhantyal/centroid_model_blastospim/data/raw/H10/H10_016.npz,img,labels,,,,,,,,
/mnt/home/dchhantyal/centroid_model_blastospim/data/raw/H10/H10_017.npz,img,labels,,,,,,,,
/mnt/home/dchhantyal/centroid_model_blastospim/data/raw/H10/H10_21.npz,img,labels,,,,,,,,
/mnt/home/dchhantyal/centroid_model_blastospim/data/raw/H10/H10_13.npz,img,labels,,,,,,,,
/mnt/home/dchhantyal/centroid_model_blastospim/data/raw/H10/H10_018.npz,img,labels,,,,,,,,
/mnt/home/dchhantyal/centroid_model_blastospim/data/raw/H10/H10_015.npz,img,labels,,,,,,,,
/mnt/home/dchhantyal/centroid_model_blastospim/data/raw/H10/H10_19.npz,img,labels,,,,,,,,
/mnt/home/dchhantyal/centroid_model_blastospim/data/raw/H10/H10_021.npz,img,labels,,,,,,,,
/mnt/home/dchhantyal/centroid_model_blastospim/data/raw/H10/H10_16.npz,img,labels,,,,,,,,
/mnt/home/dchhantyal/centroid_model_blastospim/data/raw/H10/H10_12.npz,img,labels,,,,,,,,
/mnt/home/dchhantyal/centroid_model_blastospim/data/raw/H10/H10_019.npz,img,labels,,,,,,,,
/mnt/home/dchhantyal/centroid_model_blastospim/data/raw/H10/H10_020.npz,img,labels,,,,,,,,
/mnt/home/dchhantyal/centroid_model_blastospim/data/raw/H10/H10_013.npz,img,labels,,,,,,,,
/mnt/home/dchhantyal/centroid_model_blastospim/data/raw/F27/F27_000.npz,img,labels,,,,,,,,
/mnt/home/dchhantyal/centroid_model_blastospim/data/raw/F27/F27_010.npz,img,labels,,,,,,,,
/mnt/home/dchhantyal/centroid_model_blastospim/data/raw/F27/F27_007.npz,img,labels,,,,,,,,
/mnt/home/dchhantyal/centroid_model_blastospim/data/raw/F27/F27_001.npz,img,labels,,,,,,,,
/mnt/home/dchhantyal/centroid_model_blastospim/data/raw/F27/F27_003.npz,img,labels,,,,,,,,
/mnt/home/dchhantyal/centroid_model_blastospim/data/raw/F27/F27_4.npz,img,labels,,,,,,,,
/mnt/home/dchhantyal/centroid_model_blastospim/data/raw/F27/F27_009.npz,img,labels,,,,,,,,
/mnt/home/dchhantyal/centroid_model_blastospim/data/raw/F27/F27_6.npz,img,labels,,,,,,,,
/mnt/home/dchhantyal/centroid_model_blastospim/data/raw/F27/F27_0.npz,img,labels,,,,,,,,
/mnt/home/dchhantyal/centroid_model_blastospim/data/raw/F27/F27_1.npz,img,labels,,,,,,,,
/mnt/home/dchhantyal/centroid_model_blastospim/data/raw/F27/F27_9.npz,img,labels,,,,,,,,
/mnt/home/dchhantyal/centroid_model_blastospim/data/raw/F27/F27_8.npz,img,labels,,,,,,,,
/mnt/home/dchhantyal/centroid_model_blastospim/data/raw/F27/F27_004.npz,img,labels,,,,,,,,
/mnt/home/dchhantyal/centroid_model_blastospim/data/raw/F27/F27_006.npz,img,labels,,,,,,,,
/mnt/home/dchhantyal/centroid_model_blastospim/data/raw/F27/F27_008.npz,img,labels,,,,,,,,
/mnt/home/dchhantyal/centroid_model_blastospim/data/raw/F27/F27_2.npz,img,labels,,,,,,,,
/mnt/home/dchhantyal/centroid_model_blastospim/data/raw/F27/F27_10.npz,img,labels,,,,,,,,
/mnt/home/dchhantyal/centroid_model_blastospim/data/raw/F27/F27_3.npz,img,labels,,,,,,,,
/mnt/home/dchhantyal/centroid_model_blastospim/data/raw/F27/F27_5.npz,img,labels,,,,,,,,
/mnt/home/dchhantyal/centroid_model_blastospim/data/raw/F27/F27_002.npz,img,labels,,,,,,,,
/mnt/home/dchhantyal/centroid_model_blastospim/data/raw/F27/F27_7.npz,img,labels,,,,,,,,
/mnt/home/dchhantyal/centroid_model_blastospim/data/raw/F27/F27_005.npz,img,labels,,,,,,,,
/mnt/home/dchhantyal/centroid_model_blastospim/data/raw/F45/F45_100.npz,img,labels,,,,,,,,
/mnt/home/dchhantyal/centroid_model_blastospim/data/raw/F45/F45_101.npz,img,labels,,,,,,,,
/mnt/home/dchhantyal/centroid_model_blastospim/data/raw/F45/F45_105.npz,img,labels,,,,,,,,
/mnt/home/dchhantyal/centroid_model_blastospim/data/raw/F45/F45_102.npz,img,labels,,,,,,,,
/mnt/home/dchhantyal/centroid_model_blastospim/data/raw/F45/F45_098.npz,img,labels,,,,,,,,
/mnt/home/dchhantyal/centroid_model_blastospim/data/raw/F45/F45_95.npz,img,labels,,,,,,,,
/mnt/home/dchhantyal/centroid_model_blastospim/data/raw/F45/F45_104.npz,img,labels,,,,,,,,
/mnt/home/dchhantyal/centroid_model_blastospim/data/raw/F45/F45_103.npz,img,labels,,,,,,,,
/mnt/home/dchhantyal/centroid_model_blastospim/data/raw/F45/F45_096.npz,img,labels,,,,,,,,
/mnt/home/dchhantyal/centroid_model_blastospim/data/raw/F45/F45_095.npz,img,labels,,,,,,,,
/mnt/home/dchhantyal/centroid_model_blastospim/data/raw/F45/F45_106.npz,img,labels,,,,,,,,
/mnt/home/dchhantyal/centroid_model_blastospim/data/raw/F45/F45_98.npz,img,labels,,,,,,,,
/mnt/home/dchhantyal/centroid_model_blastospim/data/raw/F45/F45_97.npz,img,labels,,,,,,,,
/mnt/home/dchhantyal/centroid_model_blastospim/data/raw/F45/F45_96.npz,img,labels,,,,,,,,
/mnt/home/dchhantyal/centroid_model_blastospim/data/raw/F45/F45_097.npz,img,labels,,,,,,,,
/mnt/home/dchhantyal/centroid_model_blastospim/data/raw/F45/F45_099.npz,img,labels,,,,,,,,
/mnt/home/dchhantyal/centroid_model_blastospim/data/raw/F45/F45_99.npz,img,labels,,,,,,,,
/mnt/home/dchhantyal/centroid_model_blastospim/data/raw/F49/F49_148.npz,img,labels,,,,,,,,
/mnt/home/dchhantyal/centroid_model_blastospim/data/raw/F49/F49_149.npz,img,labels,,,,,,,,
/mnt/home/dchhantyal/centroid_model_blastospim/data/raw/F49/F49_147.npz,img,labels,,,,,,,,
/mnt/home/dchhantyal/centroid_model_blastospim/data/raw/F49/F49_142.npz,img,labels,,,,,,,,
/mnt/home/dchhantyal/centroid_model_blastospim/data/raw/F49/F49_144.npz,img,labels,,,,,,,,
/mnt/home/dchhantyal/centroid_model_blastospim/data/raw/F49/F49_146.npz,img,labels,,,,,,,,
/mnt/home/dchhantyal/centroid_model_blastospim/data/raw/F49/F49_143.npz,img,labels,,,,,,,,
/mnt/home/dchhantyal/centroid_model_blastospim/data/raw/F49/F49_145.npz,img,labels,,,,,,,,
/mnt/home/dchhantyal/centroid_model_blastospim/data/raw/F8/F8_072.npz,img,labels,,,,,,,,
/mnt/home/dchhantyal/centroid_model_blastospim/data/raw/F8/F8_067.npz,img,labels,,,,,,,,
/mnt/home/dchhantyal/centroid_model_blastospim/data/raw/F8/F8_75.npz,img,labels,,,,,,,,
/mnt/home/dchhantyal/centroid_model_blastospim/data/raw/F8/F8_073.npz,img,labels,,,,,,,,
/mnt/home/dchhantyal/centroid_model_blastospim/data/raw/F8/F8_071.npz,img,labels,,,,,,,,
/mnt/home/dchhantyal/centroid_model_blastospim/data/raw/F8/F8_070.npz,img,labels,,,,,,,,
/mnt/home/dchhantyal/centroid_model_blastospim/data/raw/F8/F8_69.npz,img,labels,,,,,,,,
/mnt/home/dchhantyal/centroid_model_blastospim/data/raw/F8/F8_66.npz,img,labels,,,,,,,,
/mnt/home/dchhantyal/centroid_model_blastospim/data/raw/F8/F8_71.npz,img,labels,,,,,,,,
/mnt/home/dchhantyal/centroid_model_blastospim/data/raw/F8/F8_68.npz,img,labels,,,,,,,,
/mnt/home/dchhantyal/centroid_model_blastospim/data/raw/F8/F8_075.npz,img,labels,,,,,,,,
/mnt/home/dchhantyal/centroid_model_blastospim/data/raw/F8/F8_069.npz,img,labels,,,,,,,,
/mnt/home/dchhantyal/centroid_model_blastospim/data/raw/F8/F8_65.npz,img,labels,,,,,,,,
/mnt/home/dchhantyal/centroid_model_blastospim/data/raw/F8/F8_066.npz,img,labels,,,,,,,,
/mnt/home/dchhantyal/centroid_model_blastospim/data/raw/F8/F8_67.npz,img,labels,,,,,,,,
/mnt/home/dchhantyal/centroid_model_blastospim/data/raw/F8/F8_068.npz,img,labels,,,,,,,,
/mnt/home/dchhantyal/centroid_model_blastospim/data/raw/F8/F8_74.npz,img,labels,,,,,,,,
/mnt/home/dchhantyal/centroid_model_blastospim/data/raw/F8/F8_73.npz,img,labels,,,,,,,,
/mnt/home/dchhantyal/centroid_model_blastospim/data/raw/F8/F8_72.npz,img,labels,,,,,,,,
/mnt/home/dchhantyal/centroid_model_blastospim/data/raw/F8/F8_065.npz,img,labels,,,,,,,,
/mnt/home/dchhantyal/centroid_model_blastospim/data/raw/F8/F8_70.npz,img,labels,,,,,,,,
/mnt/home/dchhantyal/centroid_model_blastospim/data/raw/F8/F8_074.npz,img,labels,,,,,,,,
/mnt/home/dchhantyal/centroid_model_blastospim/data/raw/F39/F39_121.npz,img,labels,,,,,,,,
/mnt/home/dchhantyal/centroid_model_blastospim/data/raw/F39/F39_127.npz,img,labels,,,,,,,,
/mnt/home/dchhantyal/centroid_model_blastospim/data/raw/F39/F39_120.npz,img,labels,,,,,,,,
/mnt/home/dchhantyal/centroid_model_blastospim/data/raw/F39/F39_125.npz,img,labels,,,,,,,,
/mnt/home/dchhantyal/centroid_model_blastospim/data/raw/F39/F39_123.npz,img,labels,,,,,,,,
/mnt/home/dchhantyal/centroid_model_blastospim/data/raw/F39/F39_119.npz,img,labels,,,,,,,,
/mnt/home/dchhantyal/centroid_model_blastospim/data/raw/F39/F39_118.npz,img,labels,,,,,,,,
/mnt/home/dchhantyal/centroid_model_blastospim/data/raw/F39/F39_126.npz,img,labels,,,,,,,,
/mnt/home/dchhantyal/centroid_model_blastospim/data/raw/F39/F39_122.npz,img,labels,,,,,,,,
/mnt/home/dchhantyal/centroid_model_blastospim/data/raw/F39/F39_117.npz,img,labels,,,,,,,,
/mnt/home/dchhantyal/centroid_model_blastospim/data/raw/F39/F39_124.npz,img,labels,,,,,,,,
/mnt/home/dchhantyal/centroid_model_blastospim/data/raw/F38/F38_116.npz,img,labels,,,,,,,,
/mnt/home/dchhantyal/centroid_model_blastospim/data/raw/F38/F38_107.npz,img,labels,,,,,,,,
/mnt/home/dchhantyal/centroid_model_blastospim/data/raw/F38/F38_108.npz,img,labels,,,,,,,,
/mnt/home/dchhantyal/centroid_model_blastospim/data/raw/F38/F38_106.npz,img,labels,,,,,,,,
/mnt/home/dchhantyal/centroid_model_blastospim/data/raw/F38/F38_115.npz,img,labels,,,,,,,,
/mnt/home/dchhantyal/centroid_model_blastospim/data/raw/F38/F38_110.npz,img,labels,,,,,,,,
/mnt/home/dchhantyal/centroid_model_blastospim/data/raw/F38/F38_112.npz,img,labels,,,,,,,,
/mnt/home/dchhantyal/centroid_model_blastospim/data/raw/F38/F38_114.npz,img,labels,,,,,,,,
/mnt/home/dchhantyal/centroid_model_blastospim/data/raw/F38/F38_113.npz,img,labels,,,,,,,,
/mnt/home/dchhantyal/centroid_model_blastospim/data/raw/F38/F38_111.npz,img,labels,,,,,,,,
/mnt/home/dchhantyal/centroid_model_blastospim/data/raw/F38/F38_109.npz,img,labels,,,,,,,,
/mnt/home/dchhantyal/centroid_model_blastospim/data/raw/F38/F38_105.npz,img,labels,,,,,,,,
/mnt/home/dchhantyal/centroid_model_blastospim/data/raw/F16/F16_68.npz,img,labels,,,,,,,,
/mnt/home/dchhantyal/centroid_model_blastospim/data/raw/F16/F16_067.npz,img,labels,,,,,,,,
/mnt/home/dchhantyal/centroid_model_blastospim/data/raw/F16/F16_065.npz,img,labels,,,,,,,,
/mnt/home/dchhantyal/centroid_model_blastospim/data/raw/F16/F16_072.npz,img,labels,,,,,,,,
/mnt/home/dchhantyal/centroid_model_blastospim/data/raw/F16/F16_69.npz,img,labels,,,,,,,,
/mnt/home/dchhantyal/centroid_model_blastospim/data/raw/F16/F16_65.npz,img,labels,,,,,,,,
/mnt/home/dchhantyal/centroid_model_blastospim/data/raw/F16/F16_70.npz,img,labels,,,,,,,,
/mnt/home/dchhantyal/centroid_model_blastospim/data/raw/F16/F16_67.npz,img,labels,,,,,,,,
/mnt/home/dchhantyal/centroid_model_blastospim/data/raw/F16/F16_075.npz,img,labels,,,,,,,,
/mnt/home/dchhantyal/centroid_model_blastospim/data/raw/F16/F16_069.npz,img,labels,,,,,,,,
/mnt/home/dchhantyal/centroid_model_blastospim/data/raw/F16/F16_074.npz,img,labels,,,,,,,,
/mnt/home/dchhantyal/centroid_model_blastospim/data/raw/F16/F16_74.npz,img,labels,,,,,,,,
/mnt/home/dchhantyal/centroid_model_blastospim/data/raw/F16/F16_071.npz,img,labels,,,,,,,,
/mnt/home/dchhantyal/centroid_model_blastospim/data/raw/F16/F16_066.npz,img,labels,,,,,,,,
/mnt/home/dchhantyal/centroid_model_blastospim/data/raw/F16/F16_66.npz,img,labels,,,,,,,,
/mnt/home/dchhantyal/centroid_model_blastospim/data/raw/F16/F16_72.npz,img,labels,,,,,,,,
/mnt/home/dchhantyal/centroid_model_blastospim/data/raw/F16/F16_71.npz,img,labels,,,,,,,,
/mnt/home/dchhantyal/centroid_model_blastospim/data/raw/F16/F16_068.npz,img,labels,,,,,,,,
/mnt/home/dchhantyal/centroid_model_blastospim/data/raw/F16/F16_73.npz,img,labels,,,,,,,,
/mnt/home/dchhantyal/centroid_model_blastospim/data/raw/F16/F16_75.npz,img,labels,,,,,,,,
/mnt/home/dchhantyal/centroid_model_blastospim/data/raw/F16/F16_070.npz,img,labels,,,,,,,,
/mnt/home/dchhantyal/centroid_model_blastospim/data/raw/F16/F16_073.npz,img,labels,,,,,,,,
/mnt/home/dchhantyal/centroid_model_blastospim/data/raw/M6/M6_013.npz,img,labels,,,,,,,,
/mnt/home/dchhantyal/centroid_model_blastospim/data/raw/M6/M6_12.npz,img,labels,,,,,,,,
/mnt/home/dchhantyal/centroid_model_blastospim/data/raw/M6/M6_17.npz,img,labels,,,,,,,,
/mnt/home/dchhantyal/centroid_model_blastospim/data/raw/M6/M6_017.npz,img,labels,,,,,,,,
/mnt/home/dchhantyal/centroid_model_blastospim/data/raw/M6/M6_021.npz,img,labels,,,,,,,,
/mnt/home/dchhantyal/centroid_model_blastospim/data/raw/M6/M6_16.npz,img,labels,,,,,,,,
/mnt/home/dchhantyal/centroid_model_blastospim/data/raw/M6/M6_20.npz,img,labels,,,,,,,,
/mnt/home/dchhantyal/centroid_model_blastospim/data/raw/M6/M6_016.npz,img,labels,,,,,,,,
/mnt/home/dchhantyal/centroid_model_blastospim/data/raw/M6/M6_11.npz,img,labels,,,,,,,,
/mnt/home/dchhantyal/centroid_model_blastospim/data/raw/M6/M6_015.npz,img,labels,,,,,,,,
/mnt/home/dchhantyal/centroid_model_blastospim/data/raw/M6/M6_15.npz,img,labels,,,,,,,,
/mnt/home/dchhantyal/centroid_model_blastospim/data/raw/M6/M6_019.npz,img,labels,,,,,,,,
/mnt/home/dchhantyal/centroid_model_blastospim/data/raw/M6/M6_18.npz,img,labels,,,,,,,,
/mnt/home/dchhantyal/centroid_model_blastospim/data/raw/M6/M6_13.npz,img,labels,,,,,,,,
/mnt/home/dchhantyal/centroid_model_blastospim/data/raw/M6/M6_011.npz,img,labels,,,,,,,,
/mnt/home/dchhantyal/centroid_model_blastospim/data/raw/M6/M6_018.npz,img,labels,,,,,,,,
/mnt/home/dchhantyal/centroid_model_blastospim/data/raw/M6/M6_014.npz,img,labels,,,,,,,,
/mnt/home/dchhantyal/centroid_model_blastospim/data/raw/M6/M6_020.npz,img,labels,,,,,,,,
/mnt/home/dchhantyal/centroid_model_blastospim/data/raw/M6/M6_19.npz,img,labels,,,,,,,,
/mnt/home/dchhantyal/centroid_model_blastospim/data/raw/M6/M6_14.npz,img,labels,,,,,,,,
/mnt/home/dchhantyal/centroid_model_blastospim/data/raw/M6/M6_012.npz,img,labels,,,,,,,,
/mnt/home/dchhantyal/centroid_model_blastospim/data/raw/M6/M6_21.npz,img,labels,,,,,,,,
/mnt/home/dchhantyal/centroid_model_blastospim/data/raw/F46/F46_116.npz,img,labels,,,,,,,,
/mnt/home/dchhantyal/centroid_model_blastospim/data/raw/F46/F46_111.npz,img,labels,,,,,,,,
/mnt/home/dchhantyal/centroid_model_blastospim/data/raw/F46/F46_117.npz,img,labels,,,,,,,,
/mnt/home/dchhantyal/centroid_model_blastospim/data/raw/F46/F46_108.npz,img,labels,,,,,,,,
/mnt/home/dchhantyal/centroid_model_blastospim/data/raw/F46/F46_112.npz,img,labels,,,,,,,,
/mnt/home/dchhantyal/centroid_model_blastospim/data/raw/F46/F46_110.npz,img,labels,,,,,,,,
/mnt/home/dchhantyal/centroid_model_blastospim/data/raw/F46/F46_113.npz,img,labels,,,,,,,,
/mnt/home/dchhantyal/centroid_model_blastospim/data/raw/F46/F46_115.npz,img,labels,,,,,,,,
/mnt/home/dchhantyal/centroid_model_blastospim/data/raw/F46/F46_114.npz,img,labels,,,,,,,,
/mnt/home/dchhantyal/centroid_model_blastospim/data/raw/F46/F46_109.npz,img,labels,,,,,,,,
/mnt/home/dchhantyal/centroid_model_blastospim/data/raw/F46/F46_107.npz,img,labels,,,,,,,,
/mnt/home/dchhantyal/centroid_model_blastospim/data/raw/F9/F9_68.npz,img,labels,,,,,,,,
/mnt/home/dchhantyal/centroid_model_blastospim/data/raw/F9/F9_075.npz,img,labels,,,,,,,,
/mnt/home/dchhantyal/centroid_model_blastospim/data/raw/F9/F9_068.npz,img,labels,,,,,,,,
/mnt/home/dchhantyal/centroid_model_blastospim/data/raw/F9/F9_67.npz,img,labels,,,,,,,,
/mnt/home/dchhantyal/centroid_model_blastospim/data/raw/F9/F9_074.npz,img,labels,,,,,,,,
/mnt/home/dchhantyal/centroid_model_blastospim/data/raw/F9/F9_69.npz,img,labels,,,,,,,,
/mnt/home/dchhantyal/centroid_model_blastospim/data/raw/F9/F9_66.npz,img,labels,,,,,,,,
/mnt/home/dchhantyal/centroid_model_blastospim/data/raw/F9/F9_070.npz,img,labels,,,,,,,,
/mnt/home/dchhantyal/centroid_model_blastospim/data/raw/F9/F9_072.npz,img,labels,,,,,,,,
/mnt/home/dchhantyal/centroid_model_blastospim/data/raw/F9/F9_75.npz,img,labels,,,,,,,,
/mnt/home/dchhantyal/centroid_model_blastospim/data/raw/F9/F9_65.npz,img,labels,,,,,,,,
/mnt/home/dchhantyal/centroid_model_blastospim/data/raw/F9/F9_70.npz,img,labels,,,,,,,,
/mnt/home/dchhantyal/centroid_model_blastospim/data/raw/F9/F9_067.npz,img,labels,,,,,,,,
/mnt/home/dchhantyal/centroid_model_blastospim/data/raw/F9/F9_066.npz,img,labels,,,,,,,,
/mnt/home/dchhantyal/centroid_model_blastospim/data/raw/F9/F9_069.npz,img,labels,,,,,,,,
/mnt/home/dchhantyal/centroid_model_blastospim/data/raw/F9/F9_073.npz,img,labels,,,,,,,,
/mnt/home/dchhantyal/centroid_model_blastospim/data/raw/F9/F9_71.npz,img,labels,,,,,,,,
/mnt/home/dchhantyal/centroid_model_blastospim/data/raw/F9/F9_74.npz,img,labels,,,,,,,,
/mnt/home/dchhantyal/centroid_model_blastospim/data/raw/F9/F9_73.npz,img,labels,,,,,,,,
/mnt/home/dchhantyal/centroid_model_blastospim/data/raw/F9/F9_72.npz,img,labels,,,,,,,,
/mnt/home/dchhantyal/centroid_model_blastospim/data/raw/F9/F9_065.npz,img,labels,,,,,,,,
/mnt/home/dchhantyal/centroid_model_blastospim/data/raw/F9/F9_071.npz,img,labels,,,,,,,,
/mnt/home/dchhantyal/centroid_model_blastospim/data/raw/F29/F29_010.npz,img,labels,,,,,,,,
/mnt/home/dchhantyal/centroid_model_blastospim/data/raw/F29/F29_004.npz,img,labels,,,,,,,,
/mnt/home/dchhantyal/centroid_model_blastospim/data/raw/F29/F29_5.npz,img,labels,,,,,,,,
/mnt/home/dchhantyal/centroid_model_blastospim/data/raw/F29/F29_009.npz,img,labels,,,,,,,,
/mnt/home/dchhantyal/centroid_model_blastospim/data/raw/F29/F29_008.npz,img,labels,,,,,,,,
/mnt/home/dchhantyal/centroid_model_blastospim/data/raw/F29/F29_7.npz,img,labels,,,,,,,,
/mnt/home/dchhantyal/centroid_model_blastospim/data/raw/F29/F29_003.npz,img,labels,,,,,,,,
/mnt/home/dchhantyal/centroid_model_blastospim/data/raw/F29/F29_10.npz,img,labels,,,,,,,,
/mnt/home/dchhantyal/centroid_model_blastospim/data/raw/F29/F29_2.npz,img,labels,,,,,,,,
/mnt/home/dchhantyal/centroid_model_blastospim/data/raw/F29/F29_3.npz,img,labels,,,,,,,,
/mnt/home/dchhantyal/centroid_model_blastospim/data/raw/F29/F29_005.npz,img,labels,,,,,,,,
/mnt/home/dchhantyal/centroid_model_blastospim/data/raw/F29/F29_007.npz,img,labels,,,,,,,,
/mnt/home/dchhantyal/centroid_model_blastospim/data/raw/F29/F29_6.npz,img,labels,,,,,,,,
/mnt/home/dchhantyal/centroid_model_blastospim/data/raw/F29/F29_002.npz,img,labels,,,,,,,,
/mnt/home/dchhantyal/centroid_model_blastospim/data/raw/F29/F29_0.npz,img,labels,,,,,,,,
/mnt/home/dchhantyal/centroid_model_blastospim/data/raw/F29/F29_1.npz,img,labels,,,,,,,,
/mnt/home/dchhantyal/centroid_model_blastospim/data/raw/F29/F29_4.npz,img,labels,,,,,,,,
/mnt/home/dchhantyal/centroid_model_blastospim/data/raw/F29/F29_000.npz,img,labels,,,,,,,,
/mnt/home/dchhantyal/centroid_model_blastospim/data/raw/F29/F29_9.npz,img,labels,,,,,,,,
/mnt/home/dchhantyal/centroid_model_blastospim/data/raw/F29/F29_8.npz,img,labels,,,,,,,,
/mnt/home/dchhantyal/centroid_model_blastospim/data/raw/F29/F29_006.npz,img,labels,,,,,,,,
/mnt/home/dchhantyal/centroid_model_blastospim/data/raw/F29/F29_001.npz,img,labels,,,,,,,,
/mnt/home/dchhantyal/centroid_model_blastospim/data/raw/F40/F40_128.npz,img,labels,,,,,,,,
/mnt/home/dchhantyal/centroid_model_blastospim/data/raw/F40/F40_134.npz,img,labels,,,,,,,,
/mnt/home/dchhantyal/centroid_model_blastospim/data/raw/F40/F40_135.npz,img,labels,,,,,,,,
/mnt/home/dchhantyal/centroid_model_blastospim/data/raw/F40/F40_132.npz,img,labels,,,,,,,,
/mnt/home/dchhantyal/centroid_model_blastospim/data/raw/F40/F40_136.npz,img,labels,,,,,,,,
/mnt/home/dchhantyal/centroid_model_blastospim/data/raw/F40/F40_133.npz,img,labels,,,,,,,,
/mnt/home/dchhantyal/centroid_model_blastospim/data/raw/F40/F40_137.npz,img,labels,,,,,,,,
/mnt/home/dchhantyal/centroid_model_blastospim/data/raw/F40/F40_129.npz,img,labels,,,,,,,,
/mnt/home/dchhantyal/centroid_model_blastospim/data/raw/F40/F40_138.npz,img,labels,,,,,,,,
/mnt/home/dchhantyal/centroid_model_blastospim/data/raw/F40/F40_131.npz,img,labels,,,,,,,,
/mnt/home/dchhantyal/centroid_model_blastospim/data/raw/F40/F40_130.npz,img,labels,,,,,,,,
/mnt/home/dchhantyal/centroid_model_blastospim/data/raw/F33/F33_064.npz,img,labels,,,,,,,,
/mnt/home/dchhantyal/centroid_model_blastospim/data/raw/F33/F33_068.npz,img,labels,,,,,,,,
/mnt/home/dchhantyal/centroid_model_blastospim/data/raw/F33/F33_65.npz,img,labels,,,,,,,,
/mnt/home/dchhantyal/centroid_model_blastospim/data/raw/F33/F33_67.npz,img,labels,,,,,,,,
/mnt/home/dchhantyal/centroid_model_blastospim/data/raw/F33/F33_070.npz,img,labels,,,,,,,,
/mnt/home/dchhantyal/centroid_model_blastospim/data/raw/F33/F33_063.npz,img,labels,,,,,,,,
/mnt/home/dchhantyal/centroid_model_blastospim/data/raw/F33/F33_64.npz,img,labels,,,,,,,,
/mnt/home/dchhantyal/centroid_model_blastospim/data/raw/F33/F33_70.npz,img,labels,,,,,,,,
/mnt/home/dchhantyal/centroid_model_blastospim/data/raw/F33/F33_067.npz,img,labels,,,,,,,,
/mnt/home/dchhantyal/centroid_model_blastospim/data/raw/F33/F33_61.npz,img,labels,,,,,,,,
/mnt/home/dchhantyal/centroid_model_blastospim/data/raw/F33/F33_062.npz,img,labels,,,,,,,,
/mnt/home/dchhantyal/centroid_model_blastospim/data/raw/F33/F33_62.npz,img,labels,,,,,,,,
/mnt/home/dchhantyal/centroid_model_blastospim/data/raw/F33/F33_069.npz,img,labels,,,,,,,,
/mnt/home/dchhantyal/centroid_model_blastospim/data/raw/F33/F33_69.npz,img,labels,,,,,,,,
/mnt/home/dchhantyal/centroid_model_blastospim/data/raw/F33/F33_071.npz,img,labels,,,,,,,,
/mnt/home/dchhantyal/centroid_model_blastospim/data/raw/F33/F33_066.npz,img,labels,,,,,,,,
/mnt/home/dchhantyal/centroid_model_blastospim/data/raw/F33/F33_061.npz,img,labels,,,,,,,,
/mnt/home/dchhantyal/centroid_model_blastospim/data/raw/F33/F33_63.npz,img,labels,,,,,,,,
/mnt/home/dchhantyal/centroid_model_blastospim/data/raw/F33/F33_065.npz,img,labels,,,,,,,,
/mnt/home/dchhantyal/centroid_model_blastospim/data/raw/F33/F33_66.npz,img,labels,,,,,,,,
/mnt/home/dchhantyal/centroid_model_blastospim/data/raw/F33/F33_71.npz,img,labels,,,,,,,,
/mnt/home/dchhantyal/centroid_model_blastospim/data/raw/F33/F33_68.npz,img,labels,,,,,,,,
/mnt/home/dchhantyal/centroid_model_blastospim/data/raw/F24/F24_0.npz,img,labels,,,,,,,,
/mnt/home/dchhantyal/centroid_model_blastospim/data/raw/F24/F24_1.npz,img,labels,,,,,,,,
/mnt/home/dchhantyal/centroid_model_blastospim/data/raw/F24/F24_005.npz,img,labels,,,,,,,,
/mnt/home/dchhantyal/centroid_model_blastospim/data/raw/F24/F24_008.npz,img,labels,,,,,,,,
/mnt/home/dchhantyal/centroid_model_blastospim/data/raw/F24/F24_8.npz,img,labels,,,,,,,,
/mnt/home/dchhantyal/centroid_model_blastospim/data/raw/F24/F24_9.npz,img,labels,,,,,,,,
/mnt/home/dchhantyal/centroid_model_blastospim/data/raw/F24/F24_001.npz,img,labels,,,,,,,,
/mnt/home/dchhantyal/centroid_model_blastospim/data/raw/F24/F24_6.npz,img,labels,,,,,,,,
/mnt/home/dchhantyal/centroid_model_blastospim/data/raw/F24/F24_004.npz,img,labels,,,,,,,,
/mnt/home/dchhantyal/centroid_model_blastospim/data/raw/F24/F24_003.npz,img,labels,,,,,,,,
/mnt/home/dchhantyal/centroid_model_blastospim/data/raw/F24/F24_002.npz,img,labels,,,,,,,,
/mnt/home/dchhantyal/centroid_model_blastospim/data/raw/F24/F24_3.npz,img,labels,,,,,,,,
/mnt/home/dchhantyal/centroid_model_blastospim/data/raw/F24/F24_7.npz,img,labels,,,,,,,,
/mnt/home/dchhantyal/centroid_model_blastospim/data/raw/F24/F24_10.npz,img,labels,,,,,,,,
/mnt/home/dchhantyal/centroid_model_blastospim/data/raw/F24/F24_2.npz,img,labels,,,,,,,,
/mnt/home/dchhantyal/centroid_model_blastospim/data/raw/F24/F24_4.npz,img,labels,,,,,,,,
/mnt/home/dchhantyal/centroid_model_blastospim/data/raw/F24/F24_006.npz,img,labels,,,,,,,,
/mnt/home/dchhantyal/centroid_model_blastospim/data/raw/F24/F24_010.npz,img,labels,,,,,,,,
/mnt/home/dchhantyal/centroid_model_blastospim/data/raw/F24/F24_009.npz,img,labels,,,,,,,,
/mnt/home/dchhantyal/centroid_model_blastospim/data/raw/F24/F24_000.npz,img,labels,,,,,,,,
/mnt/home/dchhantyal/centroid_model_blastospim/data/raw/F24/F24_5.npz,img,labels,,,,,,,,
/mnt/home/dchhantyal/centroid_model_blastospim/data/raw/F24/F24_007.npz,img,labels,,,,,,,,
/mnt/home/dchhantyal/centroid_model_blastospim/data/raw/F1/F1_095.npz,img,labels,,,,,,,,
/mnt/home/dchhantyal/centroid_model_blastospim/data/raw/F1/F1_95.npz,img,labels,,,,,,,,
/mnt/home/dchhantyal/centroid_model_blastospim/data/raw/F1/F1_171.npz,img,labels,,,,,,,,
/mnt/home/dchhantyal/centroid_model_blastospim/data/raw/F1/F1_160.npz,img,labels,,,,,,,,
/mnt/home/dchhantyal/centroid_model_blastospim/data/raw/H7/H7_004.npz,img,labels,,,,,,,,
/mnt/home/dchhantyal/centroid_model_blastospim/data/raw/H7/H7_002.npz,img,labels,,,,,,,,
/mnt/home/dchhantyal/centroid_model_blastospim/data/raw/H7/H7_5.npz,img,labels,,,,,,,,
/mnt/home/dchhantyal/centroid_model_blastospim/data/raw/H7/H7_000.npz,img,labels,,,,,,,,
/mnt/home/dchhantyal/centroid_model_blastospim/data/raw/H7/H7_2.npz,img,labels,,,,,,,,
/mnt/home/dchhantyal/centroid_model_blastospim/data/raw/H7/H7_7.npz,img,labels,,,,,,,,
/mnt/home/dchhantyal/centroid_model_blastospim/data/raw/H7/H7_006.npz,img,labels,,,,,,,,
/mnt/home/dchhantyal/centroid_model_blastospim/data/raw/H7/H7_1.npz,img,labels,,,,,,,,
/mnt/home/dchhantyal/centroid_model_blastospim/data/raw/H7/H7_0.npz,img,labels,,,,,,,,
/mnt/home/dchhantyal/centroid_model_blastospim/data/raw/H7/H7_001.npz,img,labels,,,,,,,,
/mnt/home/dchhantyal/centroid_model_blastospim/data/raw/H7/H7_9.npz,img,labels,,,,,,,,
/mnt/home/dchhantyal/centroid_model_blastospim/data/raw/H7/H7_008.npz,img,labels,,,,,,,,
/mnt/home/dchhantyal/centroid_model_blastospim/data/raw/H7/H7_4.npz,img,labels,,,,,,,,
/mnt/home/dchhantyal/centroid_model_blastospim/data/raw/H7/H7_6.npz,img,labels,,,,,,,,
/mnt/home/dchhantyal/centroid_model_blastospim/data/raw/H7/H7_10.npz,img,labels,,,,,,,,
/mnt/home/dchhantyal/centroid_model_blastospim/data/raw/H7/H7_003.npz,img,labels,,,,,,,,
/mnt/home/dchhantyal/centroid_model_blastospim/data/raw/H7/H7_8.npz,img,labels,,,,,,,,
/mnt/home/dchhantyal/centroid_model_blastospim/data/raw/H7/H7_3.npz,img,labels,,,,,,,,
/mnt/home/dchhantyal/centroid_model_blastospim/data/raw/H7/H7_005.npz,img,labels,,,,,,,,
/mnt/home/dchhantyal/centroid_model_blastospim/data/raw/H7/H7_007.npz,img,labels,,,,,,,,
/mnt/home/dchhantyal/centroid_model_blastospim/data/raw/H7/H7_010.npz,img,labels,,,,,,,,
/mnt/home/dchhantyal/centroid_model_blastospim/data/raw/H7/H7_009.npz,img,labels,,,,,,,,
/mnt/home/dchhantyal/centroid_model_blastospim/data/raw/F48/F48_136.npz,img,labels,,,,,,,,
/mnt/home/dchhantyal/centroid_model_blastospim/data/raw/F48/F48_135.npz,img,labels,,,,,,,,
/mnt/home/dchhantyal/centroid_model_blastospim/data/raw/F48/F48_137.npz,img,labels,,,,,,,,
/mnt/home/dchhantyal/centroid_model_blastospim/data/raw/F48/F48_134.npz,img,labels,,,,,,,,
/mnt/home/dchhantyal/centroid_model_blastospim/data/raw/F48/F48_139.npz,img,labels,,,,,,,,
/mnt/home/dchhantyal/centroid_model_blastospim/data/raw/F48/F48_133.npz,img,labels,,,,,,,,
/mnt/home/dchhantyal/centroid_model_blastospim/data/raw/F48/F48_131.npz,img,labels,,,,,,,,
/mnt/home/dchhantyal/centroid_model_blastospim/data/raw/F48/F48_132.npz,img,labels,,,,,,,,
/mnt/home/dchhantyal/centroid_model_blastospim/data/raw/F48/F48_140.npz,img,labels,,,,,,,,
/mnt/home/dchhantyal/centroid_model_blastospim/data/raw/F48/F48_130.npz,img,labels,,,,,,,,
/mnt/home/dchhantyal/centroid_model_blastospim/data/raw/F48/F48_141.npz,img,labels,,,,,,,,
/mnt/home/dchhantyal/centroid_model_blastospim/data/raw/F48/F48_138.npz,img,labels,,,,,,,,
/mnt/home/dchhantyal/centroid_model_blastospim/data/raw/F23/F23_046.npz,img,labels,,,,,,,,
/mnt/home/dchhantyal/centroid_model_blastospim/data/raw/F23/F23_039.npz,img,labels,,,,,,,,
/mnt/home/dchhantyal/centroid_model_blastospim/data/raw/F23/F23_036.npz,img,labels,,,,,,,,
/mnt/home/dchhantyal/centroid_model_blastospim/data/raw/F23/F23_041.npz,img,labels,,,,,,,,
/mnt/home/dchhantyal/centroid_model_blastospim/data/raw/F23/F23_038.npz,img,labels,,,,,,,,
/mnt/home/dchhantyal/centroid_model_blastospim/data/raw/F23/F23_45.npz,img,labels,,,,,,,,
/mnt/home/dchhantyal/centroid_model_blastospim/data/raw/F23/F23_42.npz,img,labels,,,,,,,,
/mnt/home/dchhantyal/centroid_model_blastospim/data/raw/F23/F23_035.npz,img,labels,,,,,,,,
/mnt/home/dchhantyal/centroid_model_blastospim/data/raw/F23/F23_38.npz,img,labels,,,,,,,,
/mnt/home/dchhantyal/centroid_model_blastospim/data/raw/F23/F23_43.npz,img,labels,,,,,,,,
/mnt/home/dchhantyal/centroid_model_blastospim/data/raw/F23/F23_043.npz,img,labels,,,,,,,,
/mnt/home/dchhantyal/centroid_model_blastospim/data/raw/F23/F23_37.npz,img,labels,,,,,,,,
/mnt/home/dchhantyal/centroid_model_blastospim/data/raw/F23/F23_037.npz,img,labels,,,,,,,,
/mnt/home/dchhantyal/centroid_model_blastospim/data/raw/F23/F23_042.npz,img,labels,,,,,,,,
/mnt/home/dchhantyal/centroid_model_blastospim/data/raw/F23/F23_045.npz,img,labels,,,,,,,,
/mnt/home/dchhantyal/centroid_model_blastospim/data/raw/F23/F23_41.npz,img,labels,,,,,,,,
/mnt/home/dchhantyal/centroid_model_blastospim/data/raw/F23/F23_044.npz,img,labels,,,,,,,,
/mnt/home/dchhantyal/centroid_model_blastospim/data/raw/F23/F23_44.npz,img,labels,,,,,,,,
/mnt/home/dchhantyal/centroid_model_blastospim/data/raw/F23/F23_35.npz,img,labels,,,,,,,,
/mnt/home/dchhantyal/centroid_model_blastospim/data/raw/F23/F23_46.npz,img,labels,,,,,,,,
/mnt/home/dchhantyal/centroid_model_blastospim/data/raw/F23/F23_39.npz,img,labels,,,,,,,,
/mnt/home/dchhantyal/centroid_model_blastospim/data/raw/F23/F23_36.npz,img,labels,,,,,,,,
/mnt/home/dchhantyal/centroid_model_blastospim/data/raw/F25/F25_005.npz,img,labels,,,,,,,,
/mnt/home/dchhantyal/centroid_model_blastospim/data/raw/F25/F25_5.npz,img,labels,,,,,,,,
/mnt/home/dchhantyal/centroid_model_blastospim/data/raw/F25/F25_2.npz,img,labels,,,,,,,,
/mnt/home/dchhantyal/centroid_model_blastospim/data/raw/F25/F25_001.npz,img,labels,,,,,,,,
/mnt/home/dchhantyal/centroid_model_blastospim/data/raw/F25/F25_006.npz,img,labels,,,,,,,,
/mnt/home/dchhantyal/centroid_model_blastospim/data/raw/F25/F25_003.npz,img,labels,,,,,,,,
/mnt/home/dchhantyal/centroid_model_blastospim/data/raw/F25/F25_9.npz,img,labels,,,,,,,,
/mnt/home/dchhantyal/centroid_model_blastospim/data/raw/F25/F25_8.npz,img,labels,,,,,,,,
/mnt/home/dchhantyal/centroid_model_blastospim/data/raw/F25/F25_3.npz,img,labels,,,,,,,,
/mnt/home/dchhantyal/centroid_model_blastospim/data/raw/F25/F25_4.npz,img,labels,,,,,,,,
/mnt/home/dchhantyal/centroid_model_blastospim/data/raw/F25/F25_002.npz,img,labels,,,,,,,,
/mnt/home/dchhantyal/centroid_model_blastospim/data/raw/F25/F25_009.npz,img,labels,,,,,,,,
/mnt/home/dchhantyal/centroid_model_blastospim/data/raw/F25/F25_6.npz,img,labels,,,,,,,,
/mnt/home/dchhantyal/centroid_model_blastospim/data/raw/F25/F25_007.npz,img,labels,,,,,,,,
/mnt/home/dchhantyal/centroid_model_blastospim/data/raw/F25/F25_1.npz,img,labels,,,,,,,,
/mnt/home/dchhantyal/centroid_model_blastospim/data/raw/F25/F25_10.npz,img,labels,,,,,,,,
/mnt/home/dchhantyal/centroid_model_blastospim/data/raw/F25/F25_010.npz,img,labels,,,,,,,,
/mnt/home/dchhantyal/centroid_model_blastospim/data/raw/F25/F25_0.npz,img,labels,,,,,,,,
/mnt/home/dchhantyal/centroid_model_blastospim/data/raw/F25/F25_008.npz,img,labels,,,,,,,,
/mnt/home/dchhantyal/centroid_model_blastospim/data/raw/F25/F25_004.npz,img,labels,,,,,,,,
/mnt/home/dchhantyal/centroid_model_blastospim/data/raw/F25/F25_7.npz,img,labels,,,,,,,,
/mnt/home/dchhantyal/centroid_model_blastospim/data/raw/F25/F25_000.npz,img,labels,,,,,,,,
/mnt/home/dchhantyal/centroid_model_blastospim/data/raw/F35/F35_92.npz,img,labels,,,,,,,,
/mnt/home/dchhantyal/centroid_model_blastospim/data/raw/F35/F35_85.npz,img,labels,,,,,,,,
/mnt/home/dchhantyal/centroid_model_blastospim/data/raw/F35/F35_089.npz,img,labels,,,,,,,,
/mnt/home/dchhantyal/centroid_model_blastospim/data/raw/F35/F35_088.npz,img,labels,,,,,,,,
/mnt/home/dchhantyal/centroid_model_blastospim/data/raw/F35/F35_93.npz,img,labels,,,,,,,,
/mnt/home/dchhantyal/centroid_model_blastospim/data/raw/F35/F35_84.npz,img,labels,,,,,,,,
/mnt/home/dchhantyal/centroid_model_blastospim/data/raw/F35/F35_83.npz,img,labels,,,,,,,,
/mnt/home/dchhantyal/centroid_model_blastospim/data/raw/F35/F35_87.npz,img,labels,,,,,,,,
/mnt/home/dchhantyal/centroid_model_blastospim/data/raw/F35/F35_090.npz,img,labels,,,,,,,,
/mnt/home/dchhantyal/centroid_model_blastospim/data/raw/F35/F35_88.npz,img,labels,,,,,,,,
/mnt/home/dchhantyal/centroid_model_blastospim/data/raw/F35/F35_86.npz,img,labels,,,,,,,,
/mnt/home/dchhantyal/centroid_model_blastospim/data/raw/F35/F35_084.npz,img,labels,,,,,,,,
/mnt/home/dchhantyal/centroid_model_blastospim/data/raw/F35/F35_91.npz,img,labels,,,,,,,,
/mnt/home/dchhantyal/centroid_model_blastospim/data/raw/F35/F35_092.npz,img,labels,,,,,,,,
/mnt/home/dchhantyal/centroid_model_blastospim/data/raw/F35/F35_087.npz,img,labels,,,,,,,,
/mnt/home/dchhantyal/centroid_model_blastospim/data/raw/F35/F35_085.npz,img,labels,,,,,,,,
/mnt/home/dchhantyal/centroid_model_blastospim/data/raw/F35/F35_89.npz,img,labels,,,,,,,,
/mnt/home/dchhantyal/centroid_model_blastospim/data/raw/F35/F35_093.npz,img,labels,,,,,,,,
/mnt/home/dchhantyal/centroid_model_blastospim/data/raw/F35/F35_083.npz,img,labels,,,,,,,,
/mnt/home/dchhantyal/centroid_model_blastospim/data/raw/F35/F35_091.npz,img,labels,,,,,,,,
/mnt/home/dchhantyal/centroid_model_blastospim/data/raw/F35/F35_086.npz,img,labels,,,,,,,,
/mnt/home/dchhantyal/centroid_model_blastospim/data/raw/F35/F35_90.npz,img,labels,,,,,,,,
/mnt/home/dchhantyal/centroid_model_blastospim/data/raw/F22/F22_24.npz,img,labels,,,,,,,,
/mnt/home/dchhantyal/centroid_model_blastospim/data/raw/F22/F22_23.npz,img,labels,,,,,,,,
/mnt/home/dchhantyal/centroid_model_blastospim/data/raw/F22/F22_29.npz,img,labels,,,,,,,,
/mnt/home/dchhantyal/centroid_model_blastospim/data/raw/F22/F22_34.npz,img,labels,,,,,,,,
/mnt/home/dchhantyal/centroid_model_blastospim/data/raw/F22/F22_027.npz,img,labels,,,,,,,,
/mnt/home/dchhantyal/centroid_model_blastospim/data/raw/F22/F22_032.npz,img,labels,,,,,,,,
/mnt/home/dchhantyal/centroid_model_blastospim/data/raw/F22/F22_030.npz,img,labels,,,,,,,,
/mnt/home/dchhantyal/centroid_model_blastospim/data/raw/F22/F22_27.npz,img,labels,,,,,,,,
/mnt/home/dchhantyal/centroid_model_blastospim/data/raw/F22/F22_31.npz,img,labels,,,,,,,,
/mnt/home/dchhantyal/centroid_model_blastospim/data/raw/F22/F22_031.npz,img,labels,,,,,,,,
/mnt/home/dchhantyal/centroid_model_blastospim/data/raw/F22/F22_26.npz,img,labels,,,,,,,,
/mnt/home/dchhantyal/centroid_model_blastospim/data/raw/F22/F22_033.npz,img,labels,,,,,,,,
/mnt/home/dchhantyal/centroid_model_blastospim/data/raw/F22/F22_034.npz,img,labels,,,,,,,,
/mnt/home/dchhantyal/centroid_model_blastospim/data/raw/F22/F22_32.npz,img,labels,,,,,,,,
/mnt/home/dchhantyal/centroid_model_blastospim/data/raw/F22/F22_028.npz,img,labels,,,,,,,,
/mnt/home/dchhantyal/centroid_model_blastospim/data/raw/F22/F22_28.npz,img,labels,,,,,,,,
/mnt/home/dchhantyal/centroid_model_blastospim/data/raw/F22/F22_024.npz,img,labels,,,,,,,,
/mnt/home/dchhantyal/centroid_model_blastospim/data/raw/F22/F22_025.npz,img,labels,,,,,,,,
/mnt/home/dchhantyal/centroid_model_blastospim/data/raw/F22/F22_026.npz,img,labels,,,,,,,,
/mnt/home/dchhantyal/centroid_model_blastospim/data/raw/F22/F22_30.npz,img,labels,,,,,,,,
/mnt/home/dchhantyal/centroid_model_blastospim/data/raw/F22/F22_023.npz,img,labels,,,,,,,,
/mnt/home/dchhantyal/centroid_model_blastospim/data/raw/F22/F22_25.npz,img,labels,,,,,,,,
/mnt/home/dchhantyal/centroid_model_blastospim/data/raw/F22/F22_33.npz,img,labels,,,,,,,,
/mnt/home/dchhantyal/centroid_model_blastospim/data/raw/F22/F22_029.npz,img,labels,,,,,,,,
/mnt/home/dchhantyal/centroid_model_blastospim/data/raw/F37/F37_104.npz,img,labels,,,,,,,,
/mnt/home/dchhantyal/centroid_model_blastospim/data/raw/F37/F37_095.npz,img,labels,,,,,,,,
/mnt/home/dchhantyal/centroid_model_blastospim/data/raw/F37/F37_96.npz,img,labels,,,,,,,,
/mnt/home/dchhantyal/centroid_model_blastospim/data/raw/F37/F37_099.npz,img,labels,,,,,,,,
/mnt/home/dchhantyal/centroid_model_blastospim/data/raw/F37/F37_097.npz,img,labels,,,,,,,,
/mnt/home/dchhantyal/centroid_model_blastospim/data/raw/F37/F37_094.npz,img,labels,,,,,,,,
/mnt/home/dchhantyal/centroid_model_blastospim/data/raw/F37/F37_098.npz,img,labels,,,,,,,,
/mnt/home/dchhantyal/centroid_model_blastospim/data/raw/F37/F37_97.npz,img,labels,,,,,,,,
/mnt/home/dchhantyal/centroid_model_blastospim/data/raw/F37/F37_101.npz,img,labels,,,,,,,,
/mnt/home/dchhantyal/centroid_model_blastospim/data/raw/F37/F37_103.npz,img,labels,,,,,,,,
/mnt/home/dchhantyal/centroid_model_blastospim/data/raw/F37/F37_100.npz,img,labels,,,,,,,,
/mnt/home/dchhantyal/centroid_model_blastospim/data/raw/F37/F37_096.npz,img,labels,,,,,,,,
/mnt/home/dchhantyal/centroid_model_blastospim/data/raw/F37/F37_98.npz,img,labels,,,,,,,,
/mnt/home/dchhantyal/centroid_model_blastospim/data/raw/F37/F37_102.npz,img,labels,,,,,,,,
/mnt/home/dchhantyal/centroid_model_blastospim/data/raw/F37/F37_94.npz,img,labels,,,,,,,,
/mnt/home/dchhantyal/centroid_model_blastospim/data/raw/F37/F37_95.npz,img,labels,,,,,,,,
/mnt/home/dchhantyal/centroid_model_blastospim/data/raw/F37/F37_99.npz,img,labels,,,,,,,,
/mnt/home/dchhantyal/centroid_model_blastospim/data/raw/M1/M1_69.npz,img,labels,,,,,,,,
/mnt/home/dchhantyal/centroid_model_blastospim/data/raw/M1/M1_26.npz,img,labels,,,,,,,,
/mnt/home/dchhantyal/centroid_model_blastospim/data/raw/M1/M1_026.npz,img,labels,,,,,,,,
/mnt/home/dchhantyal/centroid_model_blastospim/data/raw/M1/M1_069.npz,img,labels,,,,,,,,
/mnt/home/dchhantyal/centroid_model_blastospim/data/raw/M1/M1_042.npz,img,labels,,,,,,,,
/mnt/home/dchhantyal/centroid_model_blastospim/data/raw/M1/M1_42.npz,img,labels,,,,,,,,
/mnt/home/dchhantyal/centroid_model_blastospim/data/raw/M1/M1_103.npz,img,labels,,,,,,,,
/mnt/home/dchhantyal/centroid_model_blastospim/data/raw/F42/F42_072.npz,img,labels,,,,,,,,
/mnt/home/dchhantyal/centroid_model_blastospim/data/raw/F42/F42_72.npz,img,labels,,,,,,,,
/mnt/home/dchhantyal/centroid_model_blastospim/data/raw/F42/F42_66.npz,img,labels,,,,,,,,
/mnt/home/dchhantyal/centroid_model_blastospim/data/raw/F42/F42_069.npz,img,labels,,,,,,,,
/mnt/home/dchhantyal/centroid_model_blastospim/data/raw/F42/F42_067.npz,img,labels,,,,,,,,
/mnt/home/dchhantyal/centroid_model_blastospim/data/raw/F42/F42_070.npz,img,labels,,,,,,,,
/mnt/home/dchhantyal/centroid_model_blastospim/data/raw/F42/F42_62.npz,img,labels,,,,,,,,
/mnt/home/dchhantyal/centroid_model_blastospim/data/raw/F42/F42_69.npz,img,labels,,,,,,,,
/mnt/home/dchhantyal/centroid_model_blastospim/data/raw/F42/F42_063.npz,img,labels,,,,,,,,
/mnt/home/dchhantyal/centroid_model_blastospim/data/raw/F42/F42_064.npz,img,labels,,,,,,,,
/mnt/home/dchhantyal/centroid_model_blastospim/data/raw/F42/F42_70.npz,img,labels,,,,,,,,
/mnt/home/dchhantyal/centroid_model_blastospim/data/raw/F42/F42_071.npz,img,labels,,,,,,,,
/mnt/home/dchhantyal/centroid_model_blastospim/data/raw/F42/F42_65.npz,img,labels,,,,,,,,
/mnt/home/dchhantyal/centroid_model_blastospim/data/raw/F42/F42_67.npz,img,labels,,,,,,,,
/mnt/home/dchhantyal/centroid_model_blastospim/data/raw/F42/F42_71.npz,img,labels,,,,,,,,
/mnt/home/dchhantyal/centroid_model_blastospim/data/raw/F42/F42_066.npz,img,labels,,,,,,,,
/mnt/home/dchhantyal/centroid_model_blastospim/data/raw/F42/F42_64.npz,img,labels,,,,,,,,
/mnt/home/dchhantyal/centroid_model_blastospim/data/raw/F42/F42_068.npz,img,labels,,,,,,,,
/mnt/home/dchhantyal/centroid_model_blastospim/data/raw/F42/F42_062.npz,img,labels,,,,,,,,
/mnt/home/dchhantyal/centroid_model_blastospim/data/raw/F42/F42_63.npz,img,labels,,,,,,,,
/mnt/home/dchhantyal/centroid_model_blastospim/data/raw/F42/F42_68.npz,img,labels,,,,,,,,
/mnt/home/dchhantyal/centroid_model_blastospim/data/raw/F42/F42_065.npz,img,labels,,,,,,,,
/mnt/home/dchhantyal/centroid_model_blastospim/data/raw/O63/O63_0.npz,img,labels,,,,,,,,
/mnt/home/dchhantyal/centroid_model_blastospim/data/raw/F43/F43_073.npz,img,labels,,,,,,,,
/mnt/home/dchhantyal/centroid_model_blastospim/data/raw/F43/F43_76.npz,img,labels,,,,,,,,
/mnt/home/dchhantyal/centroid_model_blastospim/data/raw/F43/F43_78.npz,img,labels,,,,,,,,
/mnt/home/dchhantyal/centroid_model_blastospim/data/raw/F43/F43_081.npz,img,labels,,,,,,,,
/mnt/home/dchhantyal/centroid_model_blastospim/data/raw/F43/F43_75.npz,img,labels,,,,,,,,
/mnt/home/dchhantyal/centroid_model_blastospim/data/raw/F43/F43_080.npz,img,labels,,,,,,,,
/mnt/home/dchhantyal/centroid_model_blastospim/data/raw/F43/F43_82.npz,img,labels,,,,,,,,
/mnt/home/dchhantyal/centroid_model_blastospim/data/raw/F43/F43_076.npz,img,labels,,,,,,,,
/mnt/home/dchhantyal/centroid_model_blastospim/data/raw/F43/F43_079.npz,img,labels,,,,,,,,
/mnt/home/dchhantyal/centroid_model_blastospim/data/raw/F43/F43_81.npz,img,labels,,,,,,,,
/mnt/home/dchhantyal/centroid_model_blastospim/data/raw/F43/F43_83.npz,img,labels,,,,,,,,
/mnt/home/dchhantyal/centroid_model_blastospim/data/raw/F43/F43_077.npz,img,labels,,,,,,,,
/mnt/home/dchhantyal/centroid_model_blastospim/data/raw/F43/F43_082.npz,img,labels,,,,,,,,
/mnt/home/dchhantyal/centroid_model_blastospim/data/raw/F43/F43_73.npz,img,labels,,,,,,,,
/mnt/home/dchhantyal/centroid_model_blastospim/data/raw/F43/F43_075.npz,img,labels,,,,,,,,
/mnt/home/dchhantyal/centroid_model_blastospim/data/raw/F43/F43_74.npz,img,labels,,,,,,,,
/mnt/home/dchhantyal/centroid_model_blastospim/data/raw/F43/F43_074.npz,img,labels,,,,,,,,
/mnt/home/dchhantyal/centroid_model_blastospim/data/raw/F43/F43_078.npz,img,labels,,,,,,,,
/mnt/home/dchhantyal/centroid_model_blastospim/data/raw/F43/F43_77.npz,img,labels,,,,,,,,
/mnt/home/dchhantyal/centroid_model_blastospim/data/raw/F43/F43_79.npz,img,labels,,,,,,,,
/mnt/home/dchhantyal/centroid_model_blastospim/data/raw/F43/F43_80.npz,img,labels,,,,,,,,
/mnt/home/dchhantyal/centroid_model_blastospim/data/raw/F43/F43_083.npz,img,labels,,,,,,,,
/mnt/home/dchhantyal/centroid_model_blastospim/data/raw/M3/M3_2.npz,img,labels,,,,,,,,
/mnt/home/dchhantyal/centroid_model_blastospim/data/raw/M3/M3_4.npz,img,labels,,,,,,,,
/mnt/home/dchhantyal/centroid_model_blastospim/data/raw/M3/M3_005.npz,img,labels,,,,,,,,
/mnt/home/dchhantyal/centroid_model_blastospim/data/raw/M3/M3_009.npz,img,labels,,,,,,,,
/mnt/home/dchhantyal/centroid_model_blastospim/data/raw/M3/M3_9.npz,img,labels,,,,,,,,
/mnt/home/dchhantyal/centroid_model_blastospim/data/raw/M3/M3_5.npz,img,labels,,,,,,,,
/mnt/home/dchhantyal/centroid_model_blastospim/data/raw/M3/M3_6.npz,img,labels,,,,,,,,
/mnt/home/dchhantyal/centroid_model_blastospim/data/raw/M3/M3_004.npz,img,labels,,,,,,,,
/mnt/home/dchhantyal/centroid_model_blastospim/data/raw/M3/M3_003.npz,img,labels,,,,,,,,
/mnt/home/dchhantyal/centroid_model_blastospim/data/raw/M3/M3_1.npz,img,labels,,,,,,,,
/mnt/home/dchhantyal/centroid_model_blastospim/data/raw/M3/M3_010.npz,img,labels,,,,,,,,
/mnt/home/dchhantyal/centroid_model_blastospim/data/raw/M3/M3_000.npz,img,labels,,,,,,,,
/mnt/home/dchhantyal/centroid_model_blastospim/data/raw/M3/M3_8.npz,img,labels,,,,,,,,
/mnt/home/dchhantyal/centroid_model_blastospim/data/raw/M3/M3_0.npz,img,labels,,,,,,,,
/mnt/home/dchhantyal/centroid_model_blastospim/data/raw/M3/M3_008.npz,img,labels,,,,,,,,
/mnt/home/dchhantyal/centroid_model_blastospim/data/raw/M3/M3_001.npz,img,labels,,,,,,,,
/mnt/home/dchhantyal/centroid_model_blastospim/data/raw/M3/M3_7.npz,img,labels,,,,,,,,
/mnt/home/dchhantyal/centroid_model_blastospim/data/raw/M3/M3_3.npz,img,labels,,,,,,,,
/mnt/home/dchhantyal/centroid_model_blastospim/data/raw/M3/M3_10.npz,img,labels,,,,,,,,
/mnt/home/dchhantyal/centroid_model_blastospim/data/raw/M3/M3_007.npz,img,labels,,,,,,,,
/mnt/home/dchhantyal/centroid_model_blastospim/data/raw/M3/M3_002.npz,img,labels,,,,,,,,
/mnt/home/dchhantyal/centroid_model_blastospim/data/raw/M3/M3_006.npz,img,labels,,,,,,,,
/mnt/home/dchhantyal/centroid_model_blastospim/data/raw/F34/F34_73.npz,img,labels,,,,,,,,
/mnt/home/dchhantyal/centroid_model_blastospim/data/raw/F34/F34_073.npz,img,labels,,,,,,,,
/mnt/home/dchhantyal/centroid_model_blastospim/data/raw/F34/F34_77.npz,img,labels,,,,,,,,
/mnt/home/dchhantyal/centroid_model_blastospim/data/raw/F34/F34_80.npz,img,labels,,,,,,,,
/mnt/home/dchhantyal/centroid_model_blastospim/data/raw/F34/F34_072.npz,img,labels,,,,,,,,
/mnt/home/dchhantyal/centroid_model_blastospim/data/raw/F34/F34_081.npz,img,labels,,,,,,,,
/mnt/home/dchhantyal/centroid_model_blastospim/data/raw/F34/F34_074.npz,img,labels,,,,,,,,
/mnt/home/dchhantyal/centroid_model_blastospim/data/raw/F34/F34_076.npz,img,labels,,,,,,,,
/mnt/home/dchhantyal/centroid_model_blastospim/data/raw/F34/F34_82.npz,img,labels,,,,,,,,
/mnt/home/dchhantyal/centroid_model_blastospim/data/raw/F34/F34_75.npz,img,labels,,,,,,,,
/mnt/home/dchhantyal/centroid_model_blastospim/data/raw/F34/F34_78.npz,img,labels,,,,,,,,
/mnt/home/dchhantyal/centroid_model_blastospim/data/raw/F34/F34_72.npz,img,labels,,,,,,,,
/mnt/home/dchhantyal/centroid_model_blastospim/data/raw/F34/F34_74.npz,img,labels,,,,,,,,
/mnt/home/dchhantyal/centroid_model_blastospim/data/raw/F34/F34_078.npz,img,labels,,,,,,,,
/mnt/home/dchhantyal/centroid_model_blastospim/data/raw/F34/F34_080.npz,img,labels,,,,,,,,
/mnt/home/dchhantyal/centroid_model_blastospim/data/raw/F34/F34_81.npz,img,labels,,,,,,,,
/mnt/home/dchhantyal/centroid_model_blastospim/data/raw/F34/F34_077.npz,img,labels,,,,,,,,
/mnt/home/dchhantyal/centroid_model_blastospim/data/raw/F34/F34_075.npz,img,labels,,,,,,,,
/mnt/home/dchhantyal/centroid_model_blastospim/data/raw/F34/F34_082.npz,img,labels,,,,,,,,
/mnt/home/dchhantyal/centroid_model_blastospim/data/raw/F34/F34_079.npz,img,labels,,,,,,,,
/mnt/home/dchhantyal/centroid_model_blastospim/data/raw/F34/F34_79.npz,img,labels,,,,,,,,
/mnt/home/dchhantyal/centroid_model_blastospim/data/raw/F34/F34_76.npz,img,labels,,,,,,,,
/mnt/home/dchhantyal/centroid_model_blastospim/data/raw/M14/M14_011.npz,img,labels,,,,,,,,
/mnt/home/dchhantyal/centroid_model_blastospim/data/raw/M14/M14_14.npz,img,labels,,,,,,,,
/mnt/home/dchhantyal/centroid_model_blastospim/data/raw/M14/M14_13.npz,img,labels,,,,,,,,
/mnt/home/dchhantyal/centroid_model_blastospim/data/raw/M14/M14_15.npz,img,labels,,,,,,,,
/mnt/home/dchhantyal/centroid_model_blastospim/data/raw/M14/M14_018.npz,img,labels,,,,,,,,
/mnt/home/dchhantyal/centroid_model_blastospim/data/raw/M14/M14_11.npz,img,labels,,,,,,,,
/mnt/home/dchhantyal/centroid_model_blastospim/data/raw/M14/M14_017.npz,img,labels,,,,,,,,
/mnt/home/dchhantyal/centroid_model_blastospim/data/raw/M14/M14_19.npz,img,labels,,,,,,,,
/mnt/home/dchhantyal/centroid_model_blastospim/data/raw/M14/M14_21.npz,img,labels,,,,,,,,
/mnt/home/dchhantyal/centroid_model_blastospim/data/raw/M14/M14_20.npz,img,labels,,,,,,,,
/mnt/home/dchhantyal/centroid_model_blastospim/data/raw/M14/M14_18.npz,img,labels,,,,,,,,
/mnt/home/dchhantyal/centroid_model_blastospim/data/raw/M14/M14_016.npz,img,labels,,,,,,,,
/mnt/home/dchhantyal/centroid_model_blastospim/data/raw/M14/M14_021.npz,img,labels,,,,,,,,
/mnt/home/dchhantyal/centroid_model_blastospim/data/raw/M14/M14_013.npz,img,labels,,,,,,,,
/mnt/home/dchhantyal/centroid_model_blastospim/data/raw/M14/M14_020.npz,img,labels,,,,,,,,
/mnt/home/dchhantyal/centroid_model_blastospim/data/raw/M14/M14_16.npz,img,labels,,,,,,,,
/mnt/home/dchhantyal/centroid_model_blastospim/data/raw/M14/M14_014.npz,img,labels,,,,,,,,
/mnt/home/dchhantyal/centroid_model_blastospim/data/raw/M14/M14_17.npz,img,labels,,,,,,,,
/mnt/home/dchhantyal/centroid_model_blastospim/data/raw/M14/M14_019.npz,img,labels,,,,,,,,
/mnt/home/dchhantyal/centroid_model_blastospim/data/raw/M14/M14_12.npz,img,labels,,,,,,,,
/mnt/home/dchhantyal/centroid_model_blastospim/data/raw/M14/M14_015.npz,img,labels,,,,,,,,
/mnt/home/dchhantyal/centroid_model_blastospim/data/raw/M14/M14_012.npz,img,labels,,,,,,,,
/mnt/home/dchhantyal/centroid_model_blastospim/data/raw/M8/M8_14.npz,img,labels,,,,,,,,
/mnt/home/dchhantyal/centroid_model_blastospim/data/raw/M8/M8_021.npz,img,labels,,,,,,,,
/mnt/home/dchhantyal/centroid_model_blastospim/data/raw/M8/M8_21.npz,img,labels,,,,,,,,
/mnt/home/dchhantyal/centroid_model_blastospim/data/raw/M8/M8_018.npz,img,labels,,,,,,,,
/mnt/home/dchhantyal/centroid_model_blastospim/data/raw/M8/M8_19.npz,img,labels,,,,,,,,
/mnt/home/dchhantyal/centroid_model_blastospim/data/raw/M8/M8_019.npz,img,labels,,,,,,,,
/mnt/home/dchhantyal/centroid_model_blastospim/data/raw/M8/M8_18.npz,img,labels,,,,,,,,
/mnt/home/dchhantyal/centroid_model_blastospim/data/raw/M8/M8_011.npz,img,labels,,,,,,,,
/mnt/home/dchhantyal/centroid_model_blastospim/data/raw/M8/M8_015.npz,img,labels,,,,,,,,
/mnt/home/dchhantyal/centroid_model_blastospim/data/raw/M8/M8_20.npz,img,labels,,,,,,,,
/mnt/home/dchhantyal/centroid_model_blastospim/data/raw/M8/M8_017.npz,img,labels,,,,,,,,
/mnt/home/dchhantyal/centroid_model_blastospim/data/raw/M8/M8_13.npz,img,labels,,,,,,,,
/mnt/home/dchhantyal/centroid_model_blastospim/data/raw/M8/M8_012.npz,img,labels,,,,,,,,
/mnt/home/dchhantyal/centroid_model_blastospim/data/raw/M8/M8_16.npz,img,labels,,,,,,,,
/mnt/home/dchhantyal/centroid_model_blastospim/data/raw/M8/M8_17.npz,img,labels,,,,,,,,
/mnt/home/dchhantyal/centroid_model_blastospim/data/raw/M8/M8_016.npz,img,labels,,,,,,,,
/mnt/home/dchhantyal/centroid_model_blastospim/data/raw/M8/M8_11.npz,img,labels,,,,,,,,
/mnt/home/dchhantyal/centroid_model_blastospim/data/raw/M8/M8_013.npz,img,labels,,,,,,,,
/mnt/home/dchhantyal/centroid_model_blastospim/data/raw/M8/M8_014.npz,img,labels,,,,,,,,
/mnt/home/dchhantyal/centroid_model_blastospim/data/raw/M8/M8_020.npz,img,labels,,,,,,,,
/mnt/home/dchhantyal/centroid_model_blastospim/data/raw/M8/M8_15.npz,img,labels,,,,,,,,
/mnt/home/dchhantyal/centroid_model_blastospim/data/raw/M8/M8_12.npz,img,labels,,,,,,,,
/mnt/home/dchhantyal/centroid_model_blastospim/data/raw/M10/M10_17.npz,img,labels,,,,,,,,
/mnt/home/dchhantyal/centroid_model_blastospim/data/raw/M10/M10_019.npz,img,labels,,,,,,,,
/mnt/home/dchhantyal/centroid_model_blastospim/data/raw/M10/M10_013.npz,img,labels,,,,,,,,
/mnt/home/dchhantyal/centroid_model_blastospim/data/raw/M10/M10_014.npz,img,labels,,,,,,,,
/mnt/home/dchhantyal/centroid_model_blastospim/data/raw/M10/M10_020.npz,img,labels,,,,,,,,
/mnt/home/dchhantyal/centroid_model_blastospim/data/raw/M10/M10_021.npz,img,labels,,,,,,,,
/mnt/home/dchhantyal/centroid_model_blastospim/data/raw/M10/M10_21.npz,img,labels,,,,,,,,
/mnt/home/dchhantyal/centroid_model_blastospim/data/raw/M10/M10_15.npz,img,labels,,,,,,,,
/mnt/home/dchhantyal/centroid_model_blastospim/data/raw/M10/M10_017.npz,img,labels,,,,,,,,
/mnt/home/dchhantyal/centroid_model_blastospim/data/raw/M10/M10_012.npz,img,labels,,,,,,,,
/mnt/home/dchhantyal/centroid_model_blastospim/data/raw/M10/M10_19.npz,img,labels,,,,,,,,
/mnt/home/dchhantyal/centroid_model_blastospim/data/raw/M10/M10_018.npz,img,labels,,,,,,,,
/mnt/home/dchhantyal/centroid_model_blastospim/data/raw/M10/M10_20.npz,img,labels,,,,,,,,
/mnt/home/dchhantyal/centroid_model_blastospim/data/raw/M10/M10_011.npz,img,labels,,,,,,,,
/mnt/home/dchhantyal/centroid_model_blastospim/data/raw/M10/M10_016.npz,img,labels,,,,,,,,
/mnt/home/dchhantyal/centroid_model_blastospim/data/raw/M10/M10_16.npz,img,labels,,,,,,,,
/mnt/home/dchhantyal/centroid_model_blastospim/data/raw/M10/M10_015.npz,img,labels,,,,,,,,
/mnt/home/dchhantyal/centroid_model_blastospim/data/raw/M10/M10_11.npz,img,labels,,,,,,,,
/mnt/home/dchhantyal/centroid_model_blastospim/data/raw/M10/M10_18.npz,img,labels,,,,,,,,
/mnt/home/dchhantyal/centroid_model_blastospim/data/raw/M10/M10_13.npz,img,labels,,,,,,,,
/mnt/home/dchhantyal/centroid_model_blastospim/data/raw/M10/M10_12.npz,img,labels,,,,,,,,
/mnt/home/dchhantyal/centroid_model_blastospim/data/raw/M10/M10_14.npz,img,labels,,,,,,,,
/mnt/home/dchhantyal/centroid_model_blastospim/data/raw/H2/H2_011.npz,img,labels,,,,,,,,
/mnt/home/dchhantyal/centroid_model_blastospim/data/raw/H2/H2_015.npz,img,labels,,,,,,,,
/mnt/home/dchhantyal/centroid_model_blastospim/data/raw/H2/H2_020.npz,img,labels,,,,,,,,
/mnt/home/dchhantyal/centroid_model_blastospim/data/raw/H2/H2_014.npz,img,labels,,,,,,,,
/mnt/home/dchhantyal/centroid_model_blastospim/data/raw/H2/H2_16.npz,img,labels,,,,,,,,
/mnt/home/dchhantyal/centroid_model_blastospim/data/raw/H2/H2_012.npz,img,labels,,,,,,,,
/mnt/home/dchhantyal/centroid_model_blastospim/data/raw/H2/H2_11.npz,img,labels,,,,,,,,
/mnt/home/dchhantyal/centroid_model_blastospim/data/raw/H2/H2_17.npz,img,labels,,,,,,,,
/mnt/home/dchhantyal/centroid_model_blastospim/data/raw/H2/H2_15.npz,img,labels,,,,,,,,
/mnt/home/dchhantyal/centroid_model_blastospim/data/raw/H2/H2_14.npz,img,labels,,,,,,,,
/mnt/home/dchhantyal/centroid_model_blastospim/data/raw/H2/H2_021.npz,img,labels,,,,,,,,
/mnt/home/dchhantyal/centroid_model_blastospim/data/raw/H2/H2_013.npz,img,labels,,,,,,,,
/mnt/home/dchhantyal/centroid_model_blastospim/data/raw/H2/H2_18.npz,img,labels,,,,,,,,
/mnt/home/dchhantyal/centroid_model_blastospim/data/raw/H2/H2_12.npz,img,labels,,,,,,,,
/mnt/home/dchhantyal/centroid_model_blastospim/data/raw/H2/H2_017.npz,img,labels,,,,,,,,
/mnt/home/dchhantyal/centroid_model_blastospim/data/raw/H2/H2_19.npz,img,labels,,,,,,,,
/mnt/home/dchhantyal/centroid_model_blastospim/data/raw/H2/H2_21.npz,img,labels,,,,,,,,
/mnt/home/dchhantyal/centroid_model_blastospim/data/raw/H2/H2_20.npz,img,labels,,,,,,,,
/mnt/home/dchhantyal/centroid_model_blastospim/data/raw/H2/H2_016.npz,img,labels,,,,,,,,
/mnt/home/dchhantyal/centroid_model_blastospim/data/raw/H2/H2_018.npz,img,labels,,,,,,,,
/mnt/home/dchhantyal/centroid_model_blastospim/data/raw/H2/H2_019.npz,img,labels,,,,,,,,
/mnt/home/dchhantyal/centroid_model_blastospim/data/raw/H2/H2_13.npz,img,labels,,,,,,,,
/mnt/home/dchhantyal/centroid_model_blastospim/data/raw/H8/H8_015.npz,img,labels,,,,,,,,
/mnt/home/dchhantyal/centroid_model_blastospim/data/raw/H8/H8_013.npz,img,labels,,,,,,,,
/mnt/home/dchhantyal/centroid_model_blastospim/data/raw/H8/H8_18.npz,img,labels,,,,,,,,
/mnt/home/dchhantyal/centroid_model_blastospim/data/raw/H8/H8_011.npz,img,labels,,,,,,,,
/mnt/home/dchhantyal/centroid_model_blastospim/data/raw/H8/H8_19.npz,img,labels,,,,,,,,
/mnt/home/dchhantyal/centroid_model_blastospim/data/raw/H8/H8_13.npz,img,labels,,,,,,,,
/mnt/home/dchhantyal/centroid_model_blastospim/data/raw/H8/H8_017.npz,img,labels,,,,,,,,
/mnt/home/dchhantyal/centroid_model_blastospim/data/raw/H8/H8_17.npz,img,labels,,,,,,,,
/mnt/home/dchhantyal/centroid_model_blastospim/data/raw/H8/H8_021.npz,img,labels,,,,,,,,
/mnt/home/dchhantyal/centroid_model_blastospim/data/raw/H8/H8_020.npz,img,labels,,,,,,,,
/mnt/home/dchhantyal/centroid_model_blastospim/data/raw/H8/H8_12.npz,img,labels,,,,,,,,
/mnt/home/dchhantyal/centroid_model_blastospim/data/raw/H8/H8_15.npz,img,labels,,,,,,,,
/mnt/home/dchhantyal/centroid_model_blastospim/data/raw/H8/H8_16.npz,img,labels,,,,,,,,
/mnt/home/dchhantyal/centroid_model_blastospim/data/raw/H8/H8_012.npz,img,labels,,,,,,,,
/mnt/home/dchhantyal/centroid_model_blastospim/data/raw/H8/H8_20.npz,img,labels,,,,,,,,
/mnt/home/dchhantyal/centroid_model_blastospim/data/raw/H8/H8_019.npz,img,labels,,,,,,,,
/mnt/home/dchhantyal/centroid_model_blastospim/data/raw/H8/H8_016.npz,img,labels,,,,,,,,
/mnt/home/dchhantyal/centroid_model_blastospim/data/raw/H8/H8_11.npz,img,labels,,,,,,,,
/mnt/home/dchhantyal/centroid_model_blastospim/data/raw/H8/H8_014.npz,img,labels,,,,,,,,
/mnt/home/dchhantyal/centroid_model_blastospim/data/raw/H8/H8_21.npz,img,labels,,,,,,,,
/mnt/home/dchhantyal/centroid_model_blastospim/data/raw/H8/H8_018.npz,img,labels,,,,,,,,
/mnt/home/dchhantyal/centroid_model_blastospim/data/raw/H8/H8_14.npz,img,labels,,,,,,,,
/mnt/home/dchhantyal/centroid_model_blastospim/data/raw/F32/F32_55.npz,img,labels,,,,,,,,
/mnt/home/dchhantyal/centroid_model_blastospim/data/raw/F32/F32_050.npz,img,labels,,,,,,,,
/mnt/home/dchhantyal/centroid_model_blastospim/data/raw/F32/F32_58.npz,img,labels,,,,,,,,
/mnt/home/dchhantyal/centroid_model_blastospim/data/raw/F32/F32_54.npz,img,labels,,,,,,,,
/mnt/home/dchhantyal/centroid_model_blastospim/data/raw/F32/F32_57.npz,img,labels,,,,,,,,
/mnt/home/dchhantyal/centroid_model_blastospim/data/raw/F32/F32_057.npz,img,labels,,,,,,,,
/mnt/home/dchhantyal/centroid_model_blastospim/data/raw/F32/F32_56.npz,img,labels,,,,,,,,
/mnt/home/dchhantyal/centroid_model_blastospim/data/raw/F32/F32_056.npz,img,labels,,,,,,,,
/mnt/home/dchhantyal/centroid_model_blastospim/data/raw/F32/F32_53.npz,img,labels,,,,,,,,
/mnt/home/dchhantyal/centroid_model_blastospim/data/raw/F32/F32_59.npz,img,labels,,,,,,,,
/mnt/home/dchhantyal/centroid_model_blastospim/data/raw/F32/F32_053.npz,img,labels,,,,,,,,
/mnt/home/dchhantyal/centroid_model_blastospim/data/raw/F32/F32_060.npz,img,labels,,,,,,,,
/mnt/home/dchhantyal/centroid_model_blastospim/data/raw/F32/F32_60.npz,img,labels,,,,,,,,
/mnt/home/dchhantyal/centroid_model_blastospim/data/raw/F32/F32_055.npz,img,labels,,,,,,,,
/mnt/home/dchhantyal/centroid_model_blastospim/data/raw/F32/F32_50.npz,img,labels,,,,,,,,
/mnt/home/dchhantyal/centroid_model_blastospim/data/raw/F32/F32_058.npz,img,labels,,,,,,,,
/mnt/home/dchhantyal/centroid_model_blastospim/data/raw/F32/F32_054.npz,img,labels,,,,,,,,
/mnt/home/dchhantyal/centroid_model_blastospim/data/raw/F32/F32_059.npz,img,labels,,,,,,,,
/mnt/home/dchhantyal/centroid_model_blastospim/data/raw/F32/F32_052.npz,img,labels,,,,,,,,
/mnt/home/dchhantyal/centroid_model_blastospim/data/raw/F32/F32_051.npz,img,labels,,,,,,,,
/mnt/home/dchhantyal/centroid_model_blastospim/data/raw/F32/F32_51.npz,img,labels,,,,,,,,
/mnt/home/dchhantyal/centroid_model_blastospim/data/raw/F32/F32_52.npz,img,labels,,,,,,,,
/mnt/home/dchhantyal/centroid_model_blastospim/data/raw/H3/H3_4.npz,img,labels,,,,,,,,
/mnt/home/dchhantyal/centroid_model_blastospim/data/raw/H3/H3_003.npz,img,labels,,,,,,,,
/mnt/home/dchhantyal/centroid_model_blastospim/data/raw/H3/H3_5.npz,img,labels,,,,,,,,
/mnt/home/dchhantyal/centroid_model_blastospim/data/raw/H3/H3_9.npz,img,labels,,,,,,,,
/mnt/home/dchhantyal/centroid_model_blastospim/data/raw/H3/H3_006.npz,img,labels,,,,,,,,
/mnt/home/dchhantyal/centroid_model_blastospim/data/raw/H3/H3_007.npz,img,labels,,,,,,,,
/mnt/home/dchhantyal/centroid_model_blastospim/data/raw/H3/H3_001.npz,img,labels,,,,,,,,
/mnt/home/dchhantyal/centroid_model_blastospim/data/raw/H3/H3_0.npz,img,labels,,,,,,,,
/mnt/home/dchhantyal/centroid_model_blastospim/data/raw/H3/H3_3.npz,img,labels,,,,,,,,
/mnt/home/dchhantyal/centroid_model_blastospim/data/raw/H3/H3_7.npz,img,labels,,,,,,,,
/mnt/home/dchhantyal/centroid_model_blastospim/data/raw/H3/H3_010.npz,img,labels,,,,,,,,
/mnt/home/dchhantyal/centroid_model_blastospim/data/raw/H3/H3_004.npz,img,labels,,,,,,,,
/mnt/home/dchhantyal/centroid_model_blastospim/data/raw/H3/H3_008.npz,img,labels,,,,,,,,
/mnt/home/dchhantyal/centroid_model_blastospim/data/raw/H3/H3_1.npz,img,labels,,,,,,,,
/mnt/home/dchhantyal/centroid_model_blastospim/data/raw/H3/H3_000.npz,img,labels,,,,,,,,
/mnt/home/dchhantyal/centroid_model_blastospim/data/raw/H3/H3_009.npz,img,labels,,,,,,,,
/mnt/home/dchhantyal/centroid_model_blastospim/data/raw/H3/H3_2.npz,img,labels,,,,,,,,
/mnt/home/dchhantyal/centroid_model_blastospim/data/raw/H3/H3_10.npz,img,labels,,,,,,,,
/mnt/home/dchhantyal/centroid_model_blastospim/data/raw/H3/H3_8.npz,img,labels,,,,,,,,
/mnt/home/dchhantyal/centroid_model_blastospim/data/raw/H3/H3_002.npz,img,labels,,,,,,,,
/mnt/home/dchhantyal/centroid_model_blastospim/data/raw/H3/H3_6.npz,img,labels,,,,,,,,
/mnt/home/dchhantyal/centroid_model_blastospim/data/raw/H3/H3_005.npz,img,labels,,,,,,,,
/mnt/home/dchhantyal/centroid_model_blastospim/data/raw/H9/H9_009.npz,img,labels,,,,,,,,
/mnt/home/dchhantyal/centroid_model_blastospim/data/raw/H9/H9_10.npz,img,labels,,,,,,,,
/mnt/home/dchhantyal/centroid_model_blastospim/data/raw/H9/H9_000.npz,img,labels,,,,,,,,
/mnt/home/dchhantyal/centroid_model_blastospim/data/raw/H9/H9_5.npz,img,labels,,,,,,,,
/mnt/home/dchhantyal/centroid_model_blastospim/data/raw/H9/H9_0.npz,img,labels,,,,,,,,
/mnt/home/dchhantyal/centroid_model_blastospim/data/raw/H9/H9_008.npz,img,labels,,,,,,,,
/mnt/home/dchhantyal/centroid_model_blastospim/data/raw/H9/H9_4.npz,img,labels,,,,,,,,
/mnt/home/dchhantyal/centroid_model_blastospim/data/raw/H9/H9_010.npz,img,labels,,,,,,,,
/mnt/home/dchhantyal/centroid_model_blastospim/data/raw/H9/H9_006.npz,img,labels,,,,,,,,
/mnt/home/dchhantyal/centroid_model_blastospim/data/raw/H9/H9_003.npz,img,labels,,,,,,,,
/mnt/home/dchhantyal/centroid_model_blastospim/data/raw/H9/H9_001.npz,img,labels,,,,,,,,
/mnt/home/dchhantyal/centroid_model_blastospim/data/raw/H9/H9_005.npz,img,labels,,,,,,,,
/mnt/home/dchhantyal/centroid_model_blastospim/data/raw/H9/H9_004.npz,img,labels,,,,,,,,
/mnt/home/dchhantyal/centroid_model_blastospim/data/raw/H9/H9_3.npz,img,labels,,,,,,,,
/mnt/home/dchhantyal/centroid_model_blastospim/data/raw/H9/H9_7.npz,img,labels,,,,,,,,
/mnt/home/dchhantyal/centroid_model_blastospim/data/raw/H9/H9_6.npz,img,labels,,,,,,,,
/mnt/home/dchhantyal/centroid_model_blastospim/data/raw/H9/H9_8.npz,img,labels,,,,,,,,
/mnt/home/dchhantyal/centroid_model_blastospim/data/raw/H9/H9_9.npz,img,labels,,,,,,,,
/mnt/home/dchhantyal/centroid_model_blastospim/data/raw/H9/H9_002.npz,img,labels,,,,,,,,
/mnt/home/dchhantyal/centroid_model_blastospim/data/raw/H9/H9_1.npz,img,labels,,,,,,,,
/mnt/home/dchhantyal/centroid_model_blastospim/data/raw/H9/H9_2.npz,img,labels,,,,,,,,
/mnt/home/dchhantyal/centroid_model_blastospim/data/raw/H9/H9_007.npz,img,labels,,,,,,,,
/mnt/home/dchhantyal/centroid_model_blastospim/data/raw/O95/O95_0.npz,img,labels,,,,,,,,
/mnt/home/dchhantyal/centroid_model_blastospim/data/raw/H5/H5_004.npz,img,labels,,,,,,,,
/mnt/home/dchhantyal/centroid_model_blastospim/data/raw/H5/H5_8.npz,img,labels,,,,,,,,
/mnt/home/dchhantyal/centroid_model_blastospim/data/raw/H5/H5_003.npz,img,labels,,,,,,,,
/mnt/home/dchhantyal/centroid_model_blastospim/data/raw/H5/H5_002.npz,img,labels,,,,,,,,
/mnt/home/dchhantyal/centroid_model_blastospim/data/raw/H5/H5_008.npz,img,labels,,,,,,,,
/mnt/home/dchhantyal/centroid_model_blastospim/data/raw/H5/H5_007.npz,img,labels,,,,,,,,
/mnt/home/dchhantyal/centroid_model_blastospim/data/raw/H5/H5_005.npz,img,labels,,,,,,,,
/mnt/home/dchhantyal/centroid_model_blastospim/data/raw/H5/H5_4.npz,img,labels,,,,,,,,
/mnt/home/dchhantyal/centroid_model_blastospim/data/raw/H5/H5_6.npz,img,labels,,,,,,,,
/mnt/home/dchhantyal/centroid_model_blastospim/data/raw/H5/H5_1.npz,img,labels,,,,,,,,
/mnt/home/dchhantyal/centroid_model_blastospim/data/raw/H5/H5_7.npz,img,labels,,,,,,,,
/mnt/home/dchhantyal/centroid_model_blastospim/data/raw/H5/H5_006.npz,img,labels,,,,,,,,
/mnt/home/dchhantyal/centroid_model_blastospim/data/raw/H5/H5_2.npz,img,labels,,,,,,,,
/mnt/home/dchhantyal/centroid_model_blastospim/data/raw/H5/H5_3.npz,img,labels,,,,,,,,
/mnt/home/dchhantyal/centroid_model_blastospim/data/raw/H5/H5_010.npz,img,labels,,,,,,,,
/mnt/home/dchhantyal/centroid_model_blastospim/data/raw/H5/H5_10.npz,img,labels,,,,,,,,
/mnt/home/dchhantyal/centroid_model_blastospim/data/raw/H5/H5_009.npz,img,labels,,,,,,,,
/mnt/home/dchhantyal/centroid_model_blastospim/data/raw/H5/H5_0.npz,img,labels,,,,,,,,
/mnt/home/dchhantyal/centroid_model_blastospim/data/raw/H5/H5_000.npz,img,labels,,,,,,,,
/mnt/home/dchhantyal/centroid_model_blastospim/data/raw/H5/H5_001.npz,img,labels,,,,,,,,
/mnt/home/dchhantyal/centroid_model_blastospim/data/raw/H5/H5_5.npz,img,labels,,,,,,,,
/mnt/home/dchhantyal/centroid_model_blastospim/data/raw/H5/H5_9.npz,img,labels,,,,,,,,
/mnt/home/dchhantyal/centroid_model_blastospim/data/raw/F41/F41_053.npz,img,labels,,,,,,,,
/mnt/home/dchhantyal/centroid_model_blastospim/data/raw/F41/F41_56.npz,img,labels,,,,,,,,
/mnt/home/dchhantyal/centroid_model_blastospim/data/raw/F41/F41_050.npz,img,labels,,,,,,,,
/mnt/home/dchhantyal/centroid_model_blastospim/data/raw/F41/F41_53.npz,img,labels,,,,,,,,
/mnt/home/dchhantyal/centroid_model_blastospim/data/raw/F41/F41_061.npz,img,labels,,,,,,,,
/mnt/home/dchhantyal/centroid_model_blastospim/data/raw/F41/F41_58.npz,img,labels,,,,,,,,
/mnt/home/dchhantyal/centroid_model_blastospim/data/raw/F41/F41_054.npz,img,labels,,,,,,,,
/mnt/home/dchhantyal/centroid_model_blastospim/data/raw/F41/F41_057.npz,img,labels,,,,,,,,
/mnt/home/dchhantyal/centroid_model_blastospim/data/raw/F41/F41_54.npz,img,labels,,,,,,,,
/mnt/home/dchhantyal/centroid_model_blastospim/data/raw/F41/F41_056.npz,img,labels,,,,,,,,
/mnt/home/dchhantyal/centroid_model_blastospim/data/raw/F41/F41_59.npz,img,labels,,,,,,,,
/mnt/home/dchhantyal/centroid_model_blastospim/data/raw/F41/F41_058.npz,img,labels,,,,,,,,
/mnt/home/dchhantyal/centroid_model_blastospim/data/raw/F41/F41_50.npz,img,labels,,,,,,,,
/mnt/home/dchhantyal/centroid_model_blastospim/data/raw/F41/F41_055.npz,img,labels,,,,,,,,
/mnt/home/dchhantyal/centroid_model_blastospim/data/raw/F41/F41_61.npz,img,labels,,,,,,,,
/mnt/home/dchhantyal/centroid_model_blastospim/data/raw/F41/F41_059.npz,img,labels,,,,,,,,
/mnt/home/dchhantyal/centroid_model_blastospim/data/raw/F41/F41_060.npz,img,labels,,,,,,,,
/mnt/home/dchhantyal/centroid_model_blastospim/data/raw/F41/F41_51.npz,img,labels,,,,,,,,
/mnt/home/dchhantyal/centroid_model_blastospim/data/raw/F41/F41_051.npz,img,labels,,,,,,,,
/mnt/home/dchhantyal/centroid_model_blastospim/data/raw/F41/F41_52.npz,img,labels,,,,,,,,
/mnt/home/dchhantyal/centroid_model_blastospim/data/raw/F41/F41_052.npz,img,labels,,,,,,,,
/mnt/home/dchhantyal/centroid_model_blastospim/data/raw/F41/F41_57.npz,img,labels,,,,,,,,
/mnt/home/dchhantyal/centroid_model_blastospim/data/raw/F41/F41_60.npz,img,labels,,,,,,,,
/mnt/home/dchhantyal/centroid_model_blastospim/data/raw/F41/F41_55.npz,img,labels,,,,,,,,
/mnt/home/dchhantyal/centroid_model_blastospim/data/raw/T1/T1_1.npz,img,labels,,,,,,,,
/mnt/home/dchhantyal/centroid_model_blastospim/data/raw/T1/T1_008.npz,img,labels,,,,,,,,
/mnt/home/dchhantyal/centroid_model_blastospim/data/raw/T1/T1_005.npz,img,labels,,,,,,,,
/mnt/home/dchhantyal/centroid_model_blastospim/data/raw/T1/T1_6.npz,img,labels,,,,,,,,
/mnt/home/dchhantyal/centroid_model_blastospim/data/raw/T1/T1_8.npz,img,labels,,,,,,,,
/mnt/home/dchhantyal/centroid_model_blastospim/data/raw/T1/T1_003.npz,img,labels,,,,,,,,
/mnt/home/dchhantyal/centroid_model_blastospim/data/raw/T1/T1_9.npz,img,labels,,,,,,,,
/mnt/home/dchhantyal/centroid_model_blastospim/data/raw/T1/T1_0.npz,img,labels,,,,,,,,
/mnt/home/dchhantyal/centroid_model_blastospim/data/raw/T1/T1_007.npz,img,labels,,,,,,,,
/mnt/home/dchhantyal/centroid_model_blastospim/data/raw/T1/T1_009.npz,img,labels,,,,,,,,
/mnt/home/dchhantyal/centroid_model_blastospim/data/raw/T1/T1_010.npz,img,labels,,,,,,,,
/mnt/home/dchhantyal/centroid_model_blastospim/data/raw/T1/T1_2.npz,img,labels,,,,,,,,
/mnt/home/dchhantyal/centroid_model_blastospim/data/raw/T1/T1_006.npz,img,labels,,,,,,,,
/mnt/home/dchhantyal/centroid_model_blastospim/data/raw/T1/T1_5.npz,img,labels,,,,,,,,
/mnt/home/dchhantyal/centroid_model_blastospim/data/raw/T1/T1_004.npz,img,labels,,,,,,,,
/mnt/home/dchhantyal/centroid_model_blastospim/data/raw/T1/T1_001.npz,img,labels,,,,,,,,
/mnt/home/dchhantyal/centroid_model_blastospim/data/raw/T1/T1_002.npz,img,labels,,,,,,,,
/mnt/home/dchhantyal/centroid_model_blastospim/data/raw/T1/T1_7.npz,img,labels,,,,,,,,
/mnt/home/dchhantyal/centroid_model_blastospim/data/raw/T1/T1_000.npz,img,labels,,,,,,,,
/mnt/home/dchhantyal/centroid_model_blastospim/data/raw/T1/T1_4.npz,img,labels,,,,,,,,
/mnt/home/dchhantyal/centroid_model_blastospim/data/raw/T1/T1_3.npz,img,labels,,,,,,,,
/mnt/home/dchhantyal/centroid_model_blastospim/data/raw/T1/T1_10.npz,img,labels,,,,,,,,
/mnt/home/dchhantyal/centroid_model_blastospim/data/raw/F47/F47_123.npz,img,labels,,,,,,,,
/mnt/home/dchhantyal/centroid_model_blastospim/data/raw/F47/F47_122.npz,img,labels,,,,,,,,
/mnt/home/dchhantyal/centroid_model_blastospim/data/raw/F47/F47_120.npz,img,labels,,,,,,,,
/mnt/home/dchhantyal/centroid_model_blastospim/data/raw/F47/F47_124.npz,img,labels,,,,,,,,
/mnt/home/dchhantyal/centroid_model_blastospim/data/raw/F47/F47_129.npz,img,labels,,,,,,,,
/mnt/home/dchhantyal/centroid_model_blastospim/data/raw/F47/F47_119.npz,img,labels,,,,,,,,
/mnt/home/dchhantyal/centroid_model_blastospim/data/raw/F47/F47_128.npz,img,labels,,,,,,,,
/mnt/home/dchhantyal/centroid_model_blastospim/data/raw/F47/F47_118.npz,img,labels,,,,,,,,
/mnt/home/dchhantyal/centroid_model_blastospim/data/raw/F47/F47_126.npz,img,labels,,,,,,,,
/mnt/home/dchhantyal/centroid_model_blastospim/data/raw/F47/F47_127.npz,img,labels,,,,,,,,
/mnt/home/dchhantyal/centroid_model_blastospim/data/raw/F47/F47_121.npz,img,labels,,,,,,,,
/mnt/home/dchhantyal/centroid_model_blastospim/data/raw/F47/F47_125.npz,img,labels,,,,,,,,
/mnt/home/dchhantyal/centroid_model_blastospim/data/raw/F28/F28_007.npz,img,labels,,,,,,,,
/mnt/home/dchhantyal/centroid_model_blastospim/data/raw/F28/F28_009.npz,img,labels,,,,,,,,
/mnt/home/dchhantyal/centroid_model_blastospim/data/raw/F28/F28_006.npz,img,labels,,,,,,,,
/mnt/home/dchhantyal/centroid_model_blastospim/data/raw/F28/F28_4.npz,img,labels,,,,,,,,
/mnt/home/dchhantyal/centroid_model_blastospim/data/raw/F28/F28_1.npz,img,labels,,,,,,,,
/mnt/home/dchhantyal/centroid_model_blastospim/data/raw/F28/F28_005.npz,img,labels,,,,,,,,
/mnt/home/dchhantyal/centroid_model_blastospim/data/raw/F28/F28_008.npz,img,labels,,,,,,,,
/mnt/home/dchhantyal/centroid_model_blastospim/data/raw/F28/F28_6.npz,img,labels,,,,,,,,
/mnt/home/dchhantyal/centroid_model_blastospim/data/raw/F28/F28_0.npz,img,labels,,,,,,,,
/mnt/home/dchhantyal/centroid_model_blastospim/data/raw/F28/F28_10.npz,img,labels,,,,,,,,
/mnt/home/dchhantyal/centroid_model_blastospim/data/raw/F28/F28_8.npz,img,labels,,,,,,,,
/mnt/home/dchhantyal/centroid_model_blastospim/data/raw/F28/F28_7.npz,img,labels,,,,,,,,
/mnt/home/dchhantyal/centroid_model_blastospim/data/raw/F28/F28_000.npz,img,labels,,,,,,,,
/mnt/home/dchhantyal/centroid_model_blastospim/data/raw/F28/F28_3.npz,img,labels,,,,,,,,
/mnt/home/dchhantyal/centroid_model_blastospim/data/raw/F28/F28_9.npz,img,labels,,,,,,,,
/mnt/home/dchhantyal/centroid_model_blastospim/data/raw/F28/F28_002.npz,img,labels,,,,,,,,
/mnt/home/dchhantyal/centroid_model_blastospim/data/raw/F28/F28_2.npz,img,labels,,,,,,,,
/mnt/home/dchhantyal/centroid_model_blastospim/data/raw/F28/F28_010.npz,img,labels,,,,,,,,
/mnt/home/dchhantyal/centroid_model_blastospim/data/raw/F28/F28_5.npz,img,labels,,,,,,,,
/mnt/home/dchhantyal/centroid_model_blastospim/data/raw/F28/F28_004.npz,img,labels,,,,,,,,
/mnt/home/dchhantyal/centroid_model_blastospim/data/raw/F28/F28_003.npz,img,labels,,,,,,,,
/mnt/home/dchhantyal/centroid_model_blastospim/data/raw/F28/F28_001.npz,img,labels,,,,,,,,
/mnt/home/dchhantyal/centroid_model_blastospim/data/raw/F26/F26_6.npz,img,labels,,,,,,,,
/mnt/home/dchhantyal/centroid_model_blastospim/data/raw/F26/F26_9.npz,img,labels,,,,,,,,
/mnt/home/dchhantyal/centroid_model_blastospim/data/raw/F26/F26_8.npz,img,labels,,,,,,,,
/mnt/home/dchhantyal/centroid_model_blastospim/data/raw/F26/F26_008.npz,img,labels,,,,,,,,
/mnt/home/dchhantyal/centroid_model_blastospim/data/raw/F26/F26_10.npz,img,labels,,,,,,,,
/mnt/home/dchhantyal/centroid_model_blastospim/data/raw/F26/F26_2.npz,img,labels,,,,,,,,
/mnt/home/dchhantyal/centroid_model_blastospim/data/raw/F26/F26_3.npz,img,labels,,,,,,,,
/mnt/home/dchhantyal/centroid_model_blastospim/data/raw/F26/F26_006.npz,img,labels,,,,,,,,
/mnt/home/dchhantyal/centroid_model_blastospim/data/raw/F26/F26_005.npz,img,labels,,,,,,,,
/mnt/home/dchhantyal/centroid_model_blastospim/data/raw/F26/F26_5.npz,img,labels,,,,,,,,
/mnt/home/dchhantyal/centroid_model_blastospim/data/raw/F26/F26_004.npz,img,labels,,,,,,,,
/mnt/home/dchhantyal/centroid_model_blastospim/data/raw/F26/F26_4.npz,img,labels,,,,,,,,
/mnt/home/dchhantyal/centroid_model_blastospim/data/raw/F26/F26_002.npz,img,labels,,,,,,,,
/mnt/home/dchhantyal/centroid_model_blastospim/data/raw/F26/F26_1.npz,img,labels,,,,,,,,
/mnt/home/dchhantyal/centroid_model_blastospim/data/raw/F26/F26_010.npz,img,labels,,,,,,,,
/mnt/home/dchhantyal/centroid_model_blastospim/data/raw/F26/F26_0.npz,img,labels,,,,,,,,
/mnt/home/dchhantyal/centroid_model_blastospim/data/raw/F26/F26_001.npz,img,labels,,,,,,,,
/mnt/home/dchhantyal/centroid_model_blastospim/data/raw/F26/F26_000.npz,img,labels,,,,,,,,
/mnt/home/dchhantyal/centroid_model_blastospim/data/raw/F26/F26_009.npz,img,labels,,,,,,,,
/mnt/home/dchhantyal/centroid_model_blastospim/data/raw/F26/F26_003.npz,img,labels,,,,,,,,
/mnt/home/dchhantyal/centroid_model_blastospim/data/raw/F55/F55_185.npz,img,labels,,,,,,,,
/mnt/home/dchhantyal/centroid_model_blastospim/data/raw/F55/F55_184.npz,img,labels,,,,,,,,
/mnt/home/dchhantyal/centroid_model_blastospim/data/raw/F55/F55_186.npz,img,labels,,,,,,,,
/mnt/home/dchhantyal/centroid_model_blastospim/data/raw/H4/H4_014.npz,img,labels,,,,,,,,
/mnt/home/dchhantyal/centroid_model_blastospim/data/raw/H4/H4_21.npz,img,labels,,,,,,,,
/mnt/home/dchhantyal/centroid_model_blastospim/data/raw/H4/H4_021.npz,img,labels,,,,,,,,
/mnt/home/dchhantyal/centroid_model_blastospim/data/raw/H4/H4_017.npz,img,labels,,,,,,,,
/mnt/home/dchhantyal/centroid_model_blastospim/data/raw/H4/H4_11.npz,img,labels,,,,,,,,
/mnt/home/dchhantyal/centroid_model_blastospim/data/raw/H4/H4_018.npz,img,labels,,,,,,,,
/mnt/home/dchhantyal/centroid_model_blastospim/data/raw/H4/H4_12.npz,img,labels,,,,,,,,
/mnt/home/dchhantyal/centroid_model_blastospim/data/raw/H4/H4_012.npz,img,labels,,,,,,,,
/mnt/home/dchhantyal/centroid_model_blastospim/data/raw/H4/H4_18.npz,img,labels,,,,,,,,
/mnt/home/dchhantyal/centroid_model_blastospim/data/raw/H4/H4_015.npz,img,labels,,,,,,,,
/mnt/home/dchhantyal/centroid_model_blastospim/data/raw/H4/H4_14.npz,img,labels,,,,,,,,
/mnt/home/dchhantyal/centroid_model_blastospim/data/raw/H4/H4_019.npz,img,labels,,,,,,,,
/mnt/home/dchhantyal/centroid_model_blastospim/data/raw/H4/H4_011.npz,img,labels,,,,,,,,
/mnt/home/dchhantyal/centroid_model_blastospim/data/raw/H4/H4_19.npz,img,labels,,,,,,,,
/mnt/home/dchhantyal/centroid_model_blastospim/data/raw/H4/H4_20.npz,img,labels,,,,,,,,
/mnt/home/dchhantyal/centroid_model_blastospim/data/raw/H4/H4_17.npz,img,labels,,,,,,,,
/mnt/home/dchhantyal/centroid_model_blastospim/data/raw/H4/H4_020.npz,img,labels,,,,,,,,
/mnt/home/dchhantyal/centroid_model_blastospim/data/raw/H4/H4_16.npz,img,labels,,,,,,,,
/mnt/home/dchhantyal/centroid_model_blastospim/data/raw/H4/H4_013.npz,img,labels,,,,,,,,
/mnt/home/dchhantyal/centroid_model_blastospim/data/raw/H4/H4_13.npz,img,labels,,,,,,,,
/mnt/home/dchhantyal/centroid_model_blastospim/data/raw/H4/H4_016.npz,img,labels,,,,,,,,
/mnt/home/dchhantyal/centroid_model_blastospim/data/raw/H4/H4_15.npz,img,labels,,,,,,,,
/mnt/home/dchhantyal/centroid_model_blastospim/data/raw/F44/F44_089.npz,img,labels,,,,,,,,
/mnt/home/dchhantyal/centroid_model_blastospim/data/raw/F44/F44_87.npz,img,labels,,,,,,,,
/mnt/home/dchhantyal/centroid_model_blastospim/data/raw/F44/F44_89.npz,img,labels,,,,,,,,
/mnt/home/dchhantyal/centroid_model_blastospim/data/raw/F44/F44_85.npz,img,labels,,,,,,,,
/mnt/home/dchhantyal/centroid_model_blastospim/data/raw/F44/F44_084.npz,img,labels,,,,,,,,
/mnt/home/dchhantyal/centroid_model_blastospim/data/raw/F44/F44_091.npz,img,labels,,,,,,,,
/mnt/home/dchhantyal/centroid_model_blastospim/data/raw/F44/F44_093.npz,img,labels,,,,,,,,
/mnt/home/dchhantyal/centroid_model_blastospim/data/raw/F44/F44_90.npz,img,labels,,,,,,,,
/mnt/home/dchhantyal/centroid_model_blastospim/data/raw/F44/F44_84.npz,img,labels,,,,,,,,
/mnt/home/dchhantyal/centroid_model_blastospim/data/raw/F44/F44_86.npz,img,labels,,,,,,,,
/mnt/home/dchhantyal/centroid_model_blastospim/data/raw/F44/F44_090.npz,img,labels,,,,,,,,
/mnt/home/dchhantyal/centroid_model_blastospim/data/raw/F44/F44_93.npz,img,labels,,,,,,,,
/mnt/home/dchhantyal/centroid_model_blastospim/data/raw/F44/F44_094.npz,img,labels,,,,,,,,
/mnt/home/dchhantyal/centroid_model_blastospim/data/raw/F44/F44_91.npz,img,labels,,,,,,,,
/mnt/home/dchhantyal/centroid_model_blastospim/data/raw/F44/F44_086.npz,img,labels,,,,,,,,
/mnt/home/dchhantyal/centroid_model_blastospim/data/raw/F44/F44_92.npz,img,labels,,,,,,,,
/mnt/home/dchhantyal/centroid_model_blastospim/data/raw/F44/F44_94.npz,img,labels,,,,,,,,
/mnt/home/dchhantyal/centroid_model_blastospim/data/raw/F44/F44_092.npz,img,labels,,,,,,,,
/mnt/home/dchhantyal/centroid_model_blastospim/data/raw/F44/F44_088.npz,img,labels,,,,,,,,
/mnt/home/dchhantyal/centroid_model_blastospim/data/raw/F44/F44_087.npz,img,labels,,,,,,,,
/mnt/home/dchhantyal/centroid_model_blastospim/data/raw/F44/F44_88.npz,img,labels,,,,,,,,
/mnt/home/dchhantyal/centroid_model_blastospim/data/raw/F44/F44_085.npz,img,labels,,,,,,,,
/mnt/home/dchhantyal/centroid_model_blastospim/data/raw/F2/F2_009.npz,img,labels,,,,,,,,
/mnt/home/dchhantyal/centroid_model_blastospim/data/raw/F2/F2_014.npz,img,labels,,,,,,,,
/mnt/home/dchhantyal/centroid_model_blastospim/data/raw/F2/F2_14.npz,img,labels,,,,,,,,
/mnt/home/dchhantyal/centroid_model_blastospim/data/raw/F2/F2_13.npz,img,labels,,,,,,,,
/mnt/home/dchhantyal/centroid_model_blastospim/data/raw/F2/F2_011.npz,img,labels,,,,,,,,
/mnt/home/dchhantyal/centroid_model_blastospim/data/raw/F2/F2_12.npz,img,labels,,,,,,,,
/mnt/home/dchhantyal/centroid_model_blastospim/data/raw/F2/F2_008.npz,img,labels,,,,,,,,
/mnt/home/dchhantyal/centroid_model_blastospim/data/raw/F2/F2_9.npz,img,labels,,,,,,,,
/mnt/home/dchhantyal/centroid_model_blastospim/data/raw/F2/F2_010.npz,img,labels,,,,,,,,
/mnt/home/dchhantyal/centroid_model_blastospim/data/raw/F2/F2_012.npz,img,labels,,,,,,,,
/mnt/home/dchhantyal/centroid_model_blastospim/data/raw/F2/F2_10.npz,img,labels,,,,,,,,
/mnt/home/dchhantyal/centroid_model_blastospim/data/raw/F2/F2_11.npz,img,labels,,,,,,,,
/mnt/home/dchhantyal/centroid_model_blastospim/data/raw/F2/F2_8.npz,img,labels,,,,,,,,
/mnt/home/dchhantyal/centroid_model_blastospim/data/raw/F2/F2_013.npz,img,labels,,,,,,,,
/mnt/home/dchhantyal/centroid_model_blastospim/data/raw/H1/H1_3.npz,img,labels,,,,,,,,
/mnt/home/dchhantyal/centroid_model_blastospim/data/raw/H1/H1_9.npz,img,labels,,,,,,,,
/mnt/home/dchhantyal/centroid_model_blastospim/data/raw/H1/H1_000.npz,img,labels,,,,,,,,
/mnt/home/dchhantyal/centroid_model_blastospim/data/raw/H1/H1_8.npz,img,labels,,,,,,,,
/mnt/home/dchhantyal/centroid_model_blastospim/data/raw/H1/H1_006.npz,img,labels,,,,,,,,
/mnt/home/dchhantyal/centroid_model_blastospim/data/raw/H1/H1_005.npz,img,labels,,,,,,,,
/mnt/home/dchhantyal/centroid_model_blastospim/data/raw/H1/H1_10.npz,img,labels,,,,,,,,
/mnt/home/dchhantyal/centroid_model_blastospim/data/raw/H1/H1_010.npz,img,labels,,,,,,,,
/mnt/home/dchhantyal/centroid_model_blastospim/data/raw/H1/H1_004.npz,img,labels,,,,,,,,
/mnt/home/dchhantyal/centroid_model_blastospim/data/raw/H1/H1_001.npz,img,labels,,,,,,,,
/mnt/home/dchhantyal/centroid_model_blastospim/data/raw/H1/H1_007.npz,img,labels,,,,,,,,
/mnt/home/dchhantyal/centroid_model_blastospim/data/raw/H1/H1_2.npz,img,labels,,,,,,,,
/mnt/home/dchhantyal/centroid_model_blastospim/data/raw/H1/H1_009.npz,img,labels,,,,,,,,
/mnt/home/dchhantyal/centroid_model_blastospim/data/raw/H1/H1_003.npz,img,labels,,,,,,,,
/mnt/home/dchhantyal/centroid_model_blastospim/data/raw/H1/H1_1.npz,img,labels,,,,,,,,
/mnt/home/dchhantyal/centroid_model_blastospim/data/raw/H1/H1_0.npz,img,labels,,,,,,,,
/mnt/home/dchhantyal/centroid_model_blastospim/data/raw/H1/H1_002.npz,img,labels,,,,,,,,
/mnt/home/dchhantyal/centroid_model_blastospim/data/raw/H1/H1_008.npz,img,labels,,,,,,,,
/mnt/home/dchhantyal/centroid_model_blastospim/data/raw/H1/H1_5.npz,img,labels,,,,,,,,
/mnt/home/dchhantyal/centroid_model_blastospim/data/raw/H1/H1_7.npz,img,labels,,,,,,,,
/mnt/home/dchhantyal/centroid_model_blastospim/data/raw/H1/H1_6.npz,img,labels,,,,,,,,
/mnt/home/dchhantyal/centroid_model_blastospim/data/raw/H1/H1_4.npz,img,labels,,,,,,,,
/mnt/home/dchhantyal/centroid_model_blastospim/data/raw/F30/F30_005.npz,img,labels,,,,,,,,
/mnt/home/dchhantyal/centroid_model_blastospim/data/raw/F30/F30_7.npz,img,labels,,,,,,,,
/mnt/home/dchhantyal/centroid_model_blastospim/data/raw/F30/F30_008.npz,img,labels,,,,,,,,
/mnt/home/dchhantyal/centroid_model_blastospim/data/raw/F30/F30_3.npz,img,labels,,,,,,,,
/mnt/home/dchhantyal/centroid_model_blastospim/data/raw/F30/F30_009.npz,img,labels,,,,,,,,
/mnt/home/dchhantyal/centroid_model_blastospim/data/raw/F30/F30_10.npz,img,labels,,,,,,,,
/mnt/home/dchhantyal/centroid_model_blastospim/data/raw/F30/F30_0.npz,img,labels,,,,,,,,
/mnt/home/dchhantyal/centroid_model_blastospim/data/raw/F30/F30_010.npz,img,labels,,,,,,,,
/mnt/home/dchhantyal/centroid_model_blastospim/data/raw/F30/F30_000.npz,img,labels,,,,,,,,
/mnt/home/dchhantyal/centroid_model_blastospim/data/raw/F30/F30_001.npz,img,labels,,,,,,,,
/mnt/home/dchhantyal/centroid_model_blastospim/data/raw/F30/F30_8.npz,img,labels,,,,,,,,
/mnt/home/dchhantyal/centroid_model_blastospim/data/raw/F30/F30_2.npz,img,labels,,,,,,,,
/mnt/home/dchhantyal/centroid_model_blastospim/data/raw/F30/F30_5.npz,img,labels,,,,,,,,
/mnt/home/dchhantyal/centroid_model_blastospim/data/raw/F30/F30_9.npz,img,labels,,,,,,,,
/mnt/home/dchhantyal/centroid_model_blastospim/data/raw/F30/F30_007.npz,img,labels,,,,,,,,
/mnt/home/dchhantyal/centroid_model_blastospim/data/raw/F30/F30_004.npz,img,labels,,,,,,,,
/mnt/home/dchhantyal/centroid_model_blastospim/data/raw/F30/F30_1.npz,img,labels,,,,,,,,
/mnt/home/dchhantyal/centroid_model_blastospim/data/raw/F30/F30_002.npz,img,labels,,,,,,,,
/mnt/home/dchhantyal/centroid_model_blastospim/data/raw/F30/F30_4.npz,img,labels,,,,,,,,
/mnt/home/dchhantyal/centroid_model_blastospim/data/raw/F30/F30_003.npz,img,labels,,,,,,,,
/mnt/home/dchhantyal/centroid_model_blastospim/data/raw/F30/F30_006.npz,img,labels,,,,,,,,
/mnt/home/dchhantyal/centroid_model_blastospim/data/raw/F30/F30_6.npz,img,labels,,,,,,,,
/mnt/home/dchhantyal/centroid_model_blastospim/data/raw/O/O_954.npz,img,labels,,,,,,,,
/mnt/home/dchhantyal/centroid_model_blastospim/data/raw/O/O_111.npz,img,labels,,,,,,,,
/mnt/home/dchhantyal/centroid_model_blastospim/data/raw/O/O_636.npz,img,labels,,,,,,,,